order_no,order_date,ref_no,channel_id
TP-581430954003236254-116092,2025-12-01 01:34:48,581430954003236254,2
TT-581431390246307802-116096,2025-12-01 04:01:47,581431390246307802,3
TT-581433160768718025-116096,2025-12-01 08:22:08,581433160768718025,3
TT-581433436239595246-116096,2025-12-01 08:44:26,581433436239595246,3
TT-581434389738784145-116096,2025-12-01 10:08:46,581434389738784145,3
SP-2512017J68WTR4,2025-12-01 10:47:36,2512017J68WTR4,1
SP-2512017KTGQ2EY,2025-12-01 11:16:49,2512017KTGQ2EY,1
SP-2512017MJ432AR,2025-12-01 11:30:01,2512017MJ432AR,1
TT-581437897719317659-116096,2025-12-01 14:24:47,581437897719317659,3
TT-581439082480632907-116096,2025-12-01 16:00:08,581439082480632907,3
SP-2512018GM9X14Y,2025-12-01 19:52:19,2512018GM9X14Y,1
SO-000002151,2025-12-01 20:37:49,SO-000002151,6
SO-010002151,2025-12-01 20:41:08,SO-010002151,22
SP-2512028W6T7Q3P,2025-12-01 23:37:25,2512028W6T7Q3P,1
SP-25120293JNCC7G,2025-12-02 01:31:26,25120293JNCC7G,1
SP-25120298FVX4HK,2025-12-02 02:59:26,25120298FVX4HK,1
SP-251202A510GVSP,2025-12-02 11:30:00,251202A510GVSP,1
SP-251202AHMDG462,2025-12-02 15:15:40,251202AHMDG462,1
SP-251202AHXNKRQR,2025-12-02 15:21:26,251202AHXNKRQR,1
SP-251202AMUG9VWQ,2025-12-02 16:13:15,251202AMUG9VWQ,1
SO-000002161,2025-12-02 16:30:06,SO-000002161,6
SP-251202ASAFXVVA,2025-12-02 17:33:20,251202ASAFXVVA,1
SP-251203CD8ARDRG,2025-12-03 09:02:35,251203CD8ARDRG,1
SP-251203CDJF23H3,2025-12-03 09:08:15,251203CDJF23H3,1
SP-251203CMP9V180,2025-12-03 11:15:40,251203CMP9V180,1
SP-251203D0RFKFQQ,2025-12-03 14:51:39,251203D0RFKFQQ,1
SP-251203D8JA7RT9,2025-12-03 17:11:21,251203D8JA7RT9,1
SP-251203D9NT1MJN,2025-12-03 17:32:03,251203D9NT1MJN,1
SP-251203DNG2278Q,2025-12-03 21:02:44,251203DNG2278Q,1
SP-251203DP027FH2,2025-12-03 21:11:42,251203DP027FH2,1
SP-251204DVE21UAW,2025-12-03 23:06:54,251204DVE21UAW,1
SP-251204DXWBQE7E,2025-12-03 23:52:04,251204DXWBQE7E,1
TT-581478440016380968-116096,2025-12-04 07:32:14,581478440016380968,3
SP-251204EYVV1FXD,2025-12-04 09:41:31,251204EYVV1FXD,1
TT-581481159351174736-116096,2025-12-04 11:25:37,581481159351174736,3
SO-000002178,2025-12-04 11:51:51,SO-000002178,6
SP-251204F9VH36PF,2025-12-04 12:40:17,251204F9VH36PF,1
SP-251204FCVUCQQW,2025-12-04 13:35:00,251204FCVUCQQW,1
SO-000002181,2025-12-04 14:01:03,SO-000002181,6
SP-251204FSA3VBUC,2025-12-04 17:16:23,251204FSA3VBUC,1
SP-251205GSMG1SWH,2025-12-05 02:54:47,251205GSMG1SWH,1
SP-251205HK6N79CK,2025-12-05 10:33:10,251205HK6N79CK,1
TP-581498169334531646-116092,2025-12-05 13:32:11,581498169334531646,2
SO-000002189,2025-12-05 16:13:19,SO-000002189,6
SP-251205JNGHKBG7,2025-12-05 20:46:30,251205JNGHKBG7,1
SP-251205JSX7C2FY,2025-12-05 22:05:33,251205JSX7C2FY,1
SP-251206JWF21M3M,2025-12-05 23:08:40,251206JWF21M3M,1
TP-581510864838034756-116092,2025-12-06 09:54:27,581510864838034756,2
SP-251206M23R3RVQ,2025-12-06 10:04:28,251206M23R3RVQ,1
SP-251206MD96GFGV,2025-12-06 13:25:18,251206MD96GFGV,1
AL-202512060805012334148-118542,2025-12-06 15:05:01,202512060805012334148,8
SP-251206MT6ACVT1,2025-12-06 17:15:25,251206MT6ACVT1,1
SP-251206N4CWQB3K,2025-12-06 20:18:03,251206N4CWQB3K,1
SP-251206N4W88XN3,2025-12-06 20:28:01,251206N4W88XN3,1
SP-251206N545J4E3,2025-12-06 20:31:03,251206N545J4E3,1
SP-251207PNPBNENE,2025-12-07 11:00:14,251207PNPBNENE,1
TP-581532406048655059-116092,2025-12-07 16:10:05,581532406048655059,2
TT-581534173970204187-116096,2025-12-07 18:22:12,581534173970204187,3
SP-251207QF185DCE,2025-12-07 18:34:33,251207QF185DCE,1
SP-251207QNHP71NV,2025-12-07 20:30:21,251207QNHP71NV,1
SP-251207QP4X921F,2025-12-07 20:41:03,251207QP4X921F,1
SP-251207QQYBDCQ5,2025-12-07 21:13:42,251207QQYBDCQ5,1
SP-251208R2YACQ63,2025-12-08 00:30:38,251208R2YACQ63,1
TP-581541432023549676-116092,2025-12-08 07:37:13,581541432023549676,2
SP-251208RWW9E0QC,2025-12-08 08:32:35,251208RWW9E0QC,1
SP-251208S97N6QBF,2025-12-08 11:55:14,251208S97N6QBF,1
SP-251208SCSWJC3K,2025-12-08 12:59:59,251208SCSWJC3K,1
SP-251208SH3X0DR1,2025-12-08 14:16:19,251208SH3X0DR1,1
SP-251208SNF6H1QA,2025-12-08 15:34:13,251208SNF6H1QA,1
SP-251208SW6CC9PB,2025-12-08 17:52:26,251208SW6CC9PB,1
SP-251208SWNX57GH,2025-12-08 18:01:12,251208SWNX57GH,1
SO-000002224,2025-12-09 09:43:26,SO-000002224,6
SP-251209UQ4DDQ6J,2025-12-09 11:09:23,251209UQ4DDQ6J,1
TT-581565103780234645-116096,2025-12-09 16:24:27,581565103780234645,3
TT-581565938145462182-116096,2025-12-09 17:29:38,581565938145462182,3
SP-251209VFSCY8M7,2025-12-09 18:30:37,251209VFSCY8M7,1
SP-2512100MYTWMNF,2025-12-10 06:35:43,2512100MYTWMNF,1
TT-581575856330933658-116096,2025-12-10 09:58:50,581575856330933658,3
TT-581575880375436698-116096,2025-12-10 09:59:28,581575880375436698,3
SP-25121015ERTTGD,2025-12-10 11:30:24,25121015ERTTGD,1
SP-251210186XSDYP,2025-12-10 12:19:43,251210186XSDYP,1
SP-2512101V1AP03V,2025-12-10 18:14:30,2512101V1AP03V,1
TP-581583756187305119-116092,2025-12-10 19:17:55,581583756187305119,2
SP-25121029W00BV8,2025-12-10 22:22:40,25121029W00BV8,1
SP-2512112KUD13W1,2025-12-11 01:20:40,2512112KUD13W1,1
SP-2512112KYS99FX,2025-12-11 01:23:08,2512112KYS99FX,1
TT-581588555011753752-116096,2025-12-11 01:28:06,581588555011753752,3
SP-251211383GJTFE,2025-12-11 07:23:07,251211383GJTFE,1
SP-2512113N0XYX8G,2025-12-11 11:14:20,2512113N0XYX8G,1
SP-2512114695JV0K,2025-12-11 16:23:09,2512114695JV0K,1
SP-2512114721VYKR,2025-12-11 16:37:04,2512114721VYKR,1
TT-581599199235834953-116096,2025-12-11 17:58:48,581599199235834953,3
SP-2512114MAXDB0Y,2025-12-11 20:34:41,2512114MAXDB0Y,1
SP-2512124W15VTXX,2025-12-11 23:10:17,2512124W15VTXX,1
TT-581605254036096221-116096,2025-12-11 23:53:02,581605254036096221,3
SP-2512124YWSX58G,2025-12-12 00:03:08,2512124YWSX58G,1
AL-202512111707484144015-118542,2025-12-12 00:07:51,202512111707484144015,8
SP-251212500CY1E6,2025-12-12 00:08:38,251212500CY1E6,1
SP-251212511090QD,2025-12-12 00:23:29,251212511090QD,1
SP-25121252BPTREJ,2025-12-12 00:45:45,25121252BPTREJ,1
SP-251212591ATHH2,2025-12-12 02:45:07,251212591ATHH2,1
SP-2512125JNY36RE,2025-12-12 05:37:43,2512125JNY36RE,1
SP-2512125WHSDSUF,2025-12-12 08:52:14,2512125WHSDSUF,1
SP-2512125XE920A6,2025-12-12 09:08:11,2512125XE920A6,1
TT-581612232392344974-116096,2025-12-12 10:22:45,581612232392344974,3
SP-2512126A6M3NCH,2025-12-12 12:38:51,2512126A6M3NCH,1
SP-2512126AGY0PMG,2025-12-12 12:44:29,2512126AGY0PMG,1
SP-2512126DYPTQ48,2025-12-12 13:46:21,2512126DYPTQ48,1
SP-2512126EFWMH3W,2025-12-12 13:56:02,2512126EFWMH3W,1
SP-2512126FSTGV22,2025-12-12 14:21:47,2512126FSTGV22,1
SP-2512126KQH46KW,2025-12-12 15:29:14,2512126KQH46KW,1
SP-2512126M5KA67V,2025-12-12 15:38:20,2512126M5KA67V,1
SO-000002270,2025-12-12 16:35:09,SO-000002270,6
TP-581619569406609371-116092,2025-12-12 16:57:26,581619569406609371,2
SP-2512126YFYY6YN,2025-12-12 18:59:42,2512126YFYY6YN,1
SP-25121272Y63PH3,2025-12-12 20:02:04,25121272Y63PH3,1
TP-581623689808348613-116092,2025-12-12 20:25:49,581623689808348613,2
SP-25121275XNQ8S5,2025-12-12 20:55:16,25121275XNQ8S5,1
SP-25121277F84APY,2025-12-12 21:22:41,25121277F84APY,1
SP-25121279XY8QB4,2025-12-12 22:07:01,25121279XY8QB4,1
SP-2512127AFYTSD5,2025-12-12 22:16:32,2512127AFYTSD5,1
SP-2512127BNP4XCS,2025-12-12 22:37:37,2512127BNP4XCS,1
SP-2512137GAKR7WS,2025-12-13 00:00:54,2512137GAKR7WS,1
SP-2512137J8GEFNX,2025-12-13 00:35:31,2512137J8GEFNX,1
SO-000002284,2025-12-13 11:47:41,SO-000002284,6
SP-2512138RC5JVVC,2025-12-13 11:57:36,2512138RC5JVVC,1
SO-000002286,2025-12-13 12:11:51,SO-000002286,6
SP-2512138TQM9S48,2025-12-13 12:40:38,2512138TQM9S48,1
SO-000002288,2025-12-13 13:24:21,SO-000002288,6
SO-000002289,2025-12-13 13:26:44,SO-000002289,6
SP-251214AGHQD8SJ,2025-12-14 04:43:42,251214AGHQD8SJ,1
SP-251214B77QV0FE,2025-12-14 11:29:43,251214B77QV0FE,1
TT-581651744408110256-116096,2025-12-14 15:04:01,581651744408110256,3
SP-251214BPQAGSHC,2025-12-14 16:06:53,251214BPQAGSHC,1
SP-251214C3YJ2XFY,2025-12-14 20:03:21,251214C3YJ2XFY,1
TT-581657076688258258-116096,2025-12-14 21:11:16,581657076688258258,3
SP-251214CB6RQNFF,2025-12-14 22:12:35,251214CB6RQNFF,1
TT-581658423432545995-116096,2025-12-14 22:38:25,581658423432545995,3
SP-251215CPYUJMHH,2025-12-15 01:43:32,251215CPYUJMHH,1
TT-581662263331096154-116096,2025-12-15 08:49:02,581662263331096154,3
SP-251215DFNQQU0G,2025-12-15 09:05:12,251215DFNQQU0G,1
SP-251215DP7NDFU6,2025-12-15 11:02:55,251215DP7NDFU6,1
SP-251215E2ASN5B8,2025-12-15 14:39:06,251215E2ASN5B8,1
TT-581667255424943826-116096,2025-12-15 15:01:21,581667255424943826,3
TT-581667717776901428-116096,2025-12-15 15:45:26,581667717776901428,3
SP-251215ECCXTTTV,2025-12-15 17:39:16,251215ECCXTTTV,1
TT-581669900879299935-116096,2025-12-15 18:34:05,581669900879299935,3
SP-251215EK56QGAW,2025-12-15 19:40:12,251215EK56QGAW,1
SP-251215EPH22S7S,2025-12-15 20:40:32,251215EPH22S7S,1
SP-251215EPV10GW7,2025-12-15 20:46:49,251215EPV10GW7,1
SP-251215ERPKVTA7,2025-12-15 21:19:26,251215ERPKVTA7,1
SP-251216F0UQ3XER,2025-12-15 23:45:27,251216F0UQ3XER,1
SP-251216FFDF40MC,2025-12-16 04:05:54,251216FFDF40MC,1
SO-000002318,2025-12-16 10:21:25,SO-000002318,6
TT-581690922362045808-116096,2025-12-17 06:53:20,581690922362045808,3
SP-251217JGHEYDH3,2025-12-17 09:04:01,251217JGHEYDH3,1
TT-581693073641080431-116096,2025-12-17 10:12:27,581693073641080431,3
SO-000002323,2025-12-17 15:36:28,SO-000002323,6
SP-251217K9W9XK4Y,2025-12-17 16:38:10,251217K9W9XK4Y,1
SP-251217KDMNFRRS,2025-12-17 17:44:47,251217KDMNFRRS,1
TT-581702040234460255-116096,2025-12-17 21:32:59,581702040234460255,3
SP-251217KTN1791R,2025-12-17 21:37:42,251217KTN1791R,1
SP-251217KW77DVW1,2025-12-17 22:23:36,251217KW77DVW1,1
SP-251218MNKT3QTB,2025-12-18 05:40:08,251218MNKT3QTB,1
SP-251218N6EU66DB,2025-12-18 10:42:34,251218N6EU66DB,1
SP-251218NE6N0C21,2025-12-18 13:00:11,251218NE6N0C21,1
SO-000002333,2025-12-18 13:36:57,SO-000002333,6
SO-000002334,2025-12-18 13:53:20,SO-000002334,6
SP-251218NQRR6DC9,2025-12-18 15:51:21,251218NQRR6DC9,1
SP-251218P62ERBB0,2025-12-18 20:07:20,251218P62ERBB0,1
SP-251219QD51RU6K,2025-12-19 07:46:44,251219QD51RU6K,1
TT-581721297740006428-116096,2025-12-19 08:54:00,581721297740006428,3
SP-251219QH7EYXUP,2025-12-19 08:59:38,251219QH7EYXUP,1
TT-581721374505600351-116096,2025-12-19 09:00:35,581721374505600351,3
SP-251219R5AMAMBJ,2025-12-19 14:59:19,251219R5AMAMBJ,1
SP-251219RQ3SJ0YV,2025-12-19 20:17:37,251219RQ3SJ0YV,1
TT-581733000034289648-116096,2025-12-19 23:50:23,581733000034289648,3
TT-581733541510088286-116096,2025-12-20 01:15:39,581733541510088286,3
SP-251220THGMHHCE,2025-12-20 13:42:46,251220THGMHHCE,1
SP-251220U01B5FFV,2025-12-20 18:02:39,251220U01B5FFV,1
SP-251220UC7GNPR1,2025-12-20 21:40:58,251220UC7GNPR1,1
SP-251221VG55PF2S,2025-12-21 08:23:46,251221VG55PF2S,1
SP-25122100915RJJ,2025-12-21 14:11:43,25122100915RJJ,1
SP-25122102K06F63,2025-12-21 14:53:55,25122102K06F63,1
SP-25122103K675F6,2025-12-21 15:11:06,25122103K675F6,1
SP-25122107SYNV76,2025-12-21 16:26:29,25122107SYNV76,1
SP-25122108AB6HWT,2025-12-21 16:35:37,25122108AB6HWT,1
SP-2512210JYMNRAW,2025-12-21 19:46:29,2512210JYMNRAW,1
TP-581761095066879720-116092,2025-12-21 21:03:19,581761095066879720,2
SP-251222213S4PV5,2025-12-22 09:32:00,251222213S4PV5,1
SP-2512222DA2FA0D,2025-12-22 13:10:26,2512222DA2FA0D,1
TP-581770459482260728-116092,2025-12-22 13:43:10,581770459482260728,2
SP-2512222MB7G99D,2025-12-22 15:16:12,2512222MB7G99D,1
SP-2512222PHG8WE7,2025-12-22 15:55:29,2512222PHG8WE7,1
TP-581772385148110072-116092,2025-12-22 16:15:59,581772385148110072,2
SP-2512223CKW5G3B,2025-12-22 22:30:36,2512223CKW5G3B,1
SP-2512233QFMME4W,2025-12-23 01:45:50,2512233QFMME4W,1
TT-581782165258994965-116096,2025-12-23 09:48:57,581782165258994965,3
SP-2512234PPY7GHH,2025-12-23 11:03:52,2512234PPY7GHH,1
TP-581783234086601891-116092,2025-12-23 11:07:53,581783234086601891,2
SP-2512234R14P8DH,2025-12-23 11:28:17,2512234R14P8DH,1
SP-2512234UBDHRHG,2025-12-23 12:26:53,2512234UBDHRHG,1
SP-2512234Y4BHD6F,2025-12-23 13:34:31,2512234Y4BHD6F,1
TP-581785354945070382-116092,2025-12-23 13:51:20,581785354945070382,2
SP-251223546R4BGA,2025-12-23 15:05:20,251223546R4BGA,1
SP-2512246CPE12GX,2025-12-24 03:10:00,2512246CPE12GX,1
SP-2512246VVX159Y,2025-12-24 07:59:54,2512246VVX159Y,1
SP-251224722W2NQV,2025-12-24 09:32:48,251224722W2NQV,1
SO-000002394,2025-12-24 10:37:23,SO-000002394,6
SP-251224773N4WTR,2025-12-24 11:02:37,251224773N4WTR,1
SP-25122478920TS8,2025-12-24 11:23:32,25122478920TS8,1
SP-25122478YG70H7,2025-12-24 11:36:05,25122478YG70H7,1
SP-25122479F1XYAV,2025-12-24 11:44:47,25122479F1XYAV,1
TT-581798667656791147-116096,2025-12-24 12:32:37,581798667656791147,3
SP-2512247J5UJNG9,2025-12-24 14:20:42,2512247J5UJNG9,1
TP-581801545454617908-116092,2025-12-24 16:39:08,581801545454617908,2
SO-000002402,2025-12-24 16:46:20,SO-000002402,6
SP-2512247Y9CFM79,2025-12-24 18:15:19,2512247Y9CFM79,1
SP-25122485D7YTP3,2025-12-24 20:04:51,25122485D7YTP3,1
TT-581804050931353373-116096,2025-12-24 20:17:56,581804050931353373,3
SO-000002407,2025-12-24 22:43:10,SO-000002407,6
SP-2512258QAEXSGE,2025-12-25 01:25:25,2512258QAEXSGE,1
SP-2512258QB7S28H,2025-12-25 01:25:51,2512258QB7S28H,1
SP-25122599NUVH2S,2025-12-25 06:53:55,25122599NUVH2S,1
SP-2512259A4MXC1C,2025-12-25 07:02:15,2512259A4MXC1C,1
SP-2512259AV7AU5U,2025-12-25 07:15:22,2512259AV7AU5U,1
TT-581808605875373498-116096,2025-12-25 07:21:56,581808605875373498,3
SP-2512259NSGB72H,2025-12-25 10:30:43,2512259NSGB72H,1
SP-2512259Q0X1VJG,2025-12-25 10:52:45,2512259Q0X1VJG,1
SP-2512259RWMP9T2,2025-12-25 11:27:33,2512259RWMP9T2,1
TP-581811606890186724-116092,2025-12-25 11:48:18,581811606890186724,2
SP-2512259Y33RMXQ,2025-12-25 13:17:08,2512259Y33RMXQ,1
SP-251225A10XKR22,2025-12-25 13:52:34,251225A10XKR22,1
WS-21853-116091,2025-12-25 19:23:33,21853,5
SP-251225AKMC220R,2025-12-25 19:24:42,251225AKMC220R,1
WS-21854-116091,2025-12-25 19:32:49,21854,5
SP-251225APSHS0DX,2025-12-25 20:21:17,251225APSHS0DX,1
SP-251225ASMTXQ92,2025-12-25 21:12:20,251225ASMTXQ92,1
SP-251225ATWAXT26,2025-12-25 21:35:03,251225ATWAXT26,1
SP-251225AVNX0M5C,2025-12-25 22:06:39,251225AVNX0M5C,1
SP-251226B27B7QD2,2025-12-25 23:45:51,251226B27B7QD2,1
SP-251226B2Q4NVXY,2025-12-25 23:54:41,251226B2Q4NVXY,1
TP-581822569817867677-116092,2025-12-26 05:47:55,581822569817867677,2
SP-251226C1QRP7AS,2025-12-26 09:09:58,251226C1QRP7AS,1
SP-251226C30M4GVV,2025-12-26 09:32:39,251226C30M4GVV,1
SP-251226C3YUN2T7,2025-12-26 09:50:08,251226C3YUN2T7,1
SP-251226C5VQ0QUF,2025-12-26 10:25:00,251226C5VQ0QUF,1
SP-251226C60WGYN0,2025-12-26 10:26:30,251226C60WGYN0,1
SP-251226C63U09CM,2025-12-26 10:28:08,251226C63U09CM,1
TT-581826196285261343-116096,2025-12-26 11:17:54,581826196285261343,3
TT-581828311491905019-116096,2025-12-26 13:40:35,581828311491905019,3
SP-251226CNQ4UC83,2025-12-26 15:07:23,251226CNQ4UC83,1
SO-000002442,2025-12-26 16:26:33,SO-000002442,6
SP-251226D19QRDVA,2025-12-26 18:34:41,251226D19QRDVA,1
TP-581833955633563165-116092,2025-12-26 20:34:31,581833955633563165,2
TP-581834165531215800-116092,2025-12-26 20:43:03,581834165531215800,2
SP-251226D8YNE1VD,2025-12-26 20:52:09,251226D8YNE1VD,1
SP-251227DQNADU0D,2025-12-27 01:14:52,251227DQNADU0D,1
SP-251227EAMCSA16,2025-12-27 06:54:18,251227EAMCSA16,1
SP-251227EE4N9RFD,2025-12-27 07:57:06,251227EE4N9RFD,1
TT-581840272558163666-116096,2025-12-27 09:38:39,581840272558163666,3
SP-251227EM4E5FXS,2025-12-27 09:44:20,251227EM4E5FXS,1
TT-581840608876135739-116096,2025-12-27 10:03:59,581840608876135739,3
SO-000002455,2025-12-27 10:14:18,SO-000002455,6
SP-251227F1071HNW,2025-12-27 13:34:37,251227F1071HNW,1
TT-581843679827428998-116096,2025-12-27 13:43:54,581843679827428998,3
SP-251227F25PT228,2025-12-27 13:55:36,251227F25PT228,1
TT-581845261921191161-116096,2025-12-27 15:50:28,581845261921191161,3
SP-251227FF9K5259,2025-12-27 17:50:24,251227FF9K5259,1
SP-251227FRB16PK2,2025-12-27 20:32:20,251227FRB16PK2,1
SP-251227FUDYD3DK,2025-12-27 21:27:40,251227FUDYD3DK,1
SP-251228G1VM6F5H,2025-12-27 23:23:11,251228G1VM6F5H,1
SP-251228G52QGKYN,2025-12-28 00:20:16,251228G52QGKYN,1
SP-251228GR1XKC00,2025-12-28 05:59:52,251228GR1XKC00,1
TP-581854294192588014-116092,2025-12-28 08:30:52,581854294192588014,2
TT-581855493691901022-116096,2025-12-28 10:10:20,581855493691901022,3
SP-251228HMMC6N6R,2025-12-28 14:31:15,251228HMMC6N6R,1
SP-251228HXJ55NQK,2025-12-28 17:28:57,251228HXJ55NQK,1
SP-251228JA0ESFHT,2025-12-28 20:53:48,251228JA0ESFHT,1
SP-251229JQW3N89E,2025-12-29 01:02:29,251229JQW3N89E,1
SP-251229JV4BDEVN,2025-12-29 02:18:06,251229JV4BDEVN,1
TT-581867468132681125-116096,2025-12-29 04:12:31,581867468132681125,3
SP-251229KARJJ5HB,2025-12-29 06:39:58,251229KARJJ5HB,1
SP-251229KAV6WJG3,2025-12-29 06:42:50,251229KAV6WJG3,1
TT-581868378733119098-116096,2025-12-29 07:20:43,581868378733119098,3
SP-251229KHR7XB3C,2025-12-29 08:45:03,251229KHR7XB3C,1
SP-251229KN17NEMB,2025-12-29 09:43:45,251229KN17NEMB,1
TP-581870410804594494-116092,2025-12-29 10:29:39,581870410804594494,2
SP-251229KQP9GAJM,2025-12-29 10:31:19,251229KQP9GAJM,1
SP-251229KTR3DCD3,2025-12-29 11:26:01,251229KTR3DCD3,1
TT-581871212839601477-116096,2025-12-29 11:36:32,581871212839601477,3
SP-251229M38Y8RJJ,2025-12-29 13:58:37,251229M38Y8RJJ,1
TT-581873578345727952-116096,2025-12-29 14:40:02,581873578345727952,3
Dropshop-2,2025-12-29 14:40:02,Dropshop-2,29
SP-251229MQB34PK8,2025-12-29 19:57:43,251229MQB34PK8,1
SP-251229MWBC9U16,2025-12-29 21:45:15,251229MWBC9U16,1
SP-251229MXNHNYKX,2025-12-29 22:08:50,251229MXNHNYKX,1
SP-251229MXSGJR4A,2025-12-29 22:11:09,251229MXSGJR4A,1
SP-251230N4PW5BFV,2025-12-29 23:56:58,251230N4PW5BFV,1
SP-251230NDWJ4FMH,2025-12-30 02:41:49,251230NDWJ4FMH,1
SP-251230NS0500WF,2025-12-30 06:00:03,251230NS0500WF,1
TT-581882121618884547-116096,2025-12-30 06:20:32,581882121618884547,3
TT-581883495047071239-116096,2025-12-30 09:02:12,581883495047071239,3
SP-251230P4MVGKEK,2025-12-30 09:28:30,251230P4MVGKEK,1
SP-251230PHDAP4V4,2025-12-30 13:16:55,251230PHDAP4V4,1
SP-251230PJY389KX,2025-12-30 13:44:51,251230PJY389KX,1
SO-000002502,2025-12-30 14:28:55,SO-000002502,6
TT-581888047383872763-116096,2025-12-30 15:19:52,581888047383872763,3
SP-251230PWR7RGA8,2025-12-30 16:57:46,251230PWR7RGA8,1
SP-251230Q2PB2KF3,2025-12-30 18:26:11,251230Q2PB2KF3,1
TT-581894141431743847-116096,2025-12-30 23:54:27,581894141431743847,3
TT-581894801520756046-116096,2025-12-31 01:50:37,581894801520756046,3
SP-251231QWSG4ECJ,2025-12-31 02:31:09,251231QWSG4ECJ,1
SP-251231RG0SEN4A,2025-12-31 07:57:21,251231RG0SEN4A,1
TP-581897008060007615-116092,2025-12-31 09:05:29,581897008060007615,2
TT-581897528382817588-116096,2025-12-31 09:58:09,581897528382817588,3
SO-000002512,2025-12-31 11:35:52,SO-000002512,6
SO-000002513,2025-12-31 11:39:41,SO-000002513,6
TT-581900822730868209-116096,2025-12-31 14:50:02,581900822730868209,3
SP-251231SE43Y7W5,2025-12-31 16:56:55,251231SE43Y7W5,1
SP-251231SEJ8XG1S,2025-12-31 17:03:59,251231SEJ8XG1S,1
SP-251231SF806PM6,2025-12-31 17:16:12,251231SF806PM6,1
TP-581903815968393049-116092,2025-12-31 20:09:35,581903815968393049,2
TP-581903901684696921-116092,2025-12-31 20:18:18,581903901684696921,2
SP-251231SW7KEV7R,2025-12-31 21:26:27,251231SW7KEV7R,1
SP-260101T6XG5JPA,2026-01-01 00:20:23,260101T6XG5JPA,1
SP-260101TQGXMHHE,2026-01-01 05:16:58,260101TQGXMHHE,1
SP-260101TR9N683G,2026-01-01 05:30:47,260101TR9N683G,1
SP-260101UA57S467,2026-01-01 10:50:26,260101UA57S467,1
SP-260101UAG007D9,2026-01-01 10:57:18,260101UAG007D9,1
TT-581910109332473646-116096,2026-01-01 11:06:09,581910109332473646,3
SP-260101UETDTMWR,2026-01-01 12:13:56,260101UETDTMWR,1
SP-260101UFQ81BM2,2026-01-01 12:30:09,260101UFQ81BM2,1
SP-260101UJRW63EU,2026-01-01 13:24:36,260101UJRW63EU,1
TP-581913721791219418-116092,2026-01-01 15:51:40,581913721791219418,2
SP-260101V8P8117G,2026-01-01 19:56:49,260101V8P8117G,1
TP-581917042858886184-116092,2026-01-01 20:11:50,581917042858886184,2
SP-260101VA1784FF,2026-01-01 20:20:52,260101VA1784FF,1
SP-260101VA7P5SGF,2026-01-01 20:25:18,260101VA7P5SGF,1
SP-260101VAN66GM5,2026-01-01 20:32:10,260101VAN66GM5,1
SP-260101VAP8G1WU,2026-01-01 20:32:38,260101VAP8G1WU,1
SP-260101VDFPF933,2026-01-01 21:22:38,260101VDFPF933,1
SP-260101VF87MG7W,2026-01-01 21:54:19,260101VF87MG7W,1
SP-260102VKB29G70,2026-01-01 23:07:25,260102VKB29G70,1
SP-260102VM1Q180Y,2026-01-01 23:20:05,260102VM1Q180Y,1
SP-260102VN76TK44,2026-01-01 23:41:04,260102VN76TK44,1
TT-581920068834264988-116096,2026-01-02 00:15:10,581920068834264988,3
SP-260102VQAXF9Y4,2026-01-02 00:19:47,260102VQAXF9Y4,1
TT-581920398219576562-116096,2026-01-02 01:06:15,581920398219576562,3
TT-581922320343270503-116096,2026-01-02 08:10:06,581922320343270503,3
TT-581923784747354018-116096,2026-01-02 10:08:28,581923784747354018,3
SP-2601020N66Y8HH,2026-01-02 10:12:38,2601020N66Y8HH,1
TT-581924051439159204-116096,2026-01-02 10:32:33,581924051439159204,3
SP-2601020WGTKBT4,2026-01-02 12:41:49,2601020WGTKBT4,1
SP-2601020Y10MCW7,2026-01-02 13:08:41,2601020Y10MCW7,1
SP-260102161ES1X6,2026-01-02 15:14:16,260102161ES1X6,1
TT-581929289672328365-116096,2026-01-02 16:37:12,581929289672328365,3
SP-2601021DE3X65B,2026-01-02 17:26:33,2601021DE3X65B,1
SP-2601021EV78URT,2026-01-02 17:52:19,2601021EV78URT,1
TT-581930366464919511-116096,2026-01-02 18:03:21,581930366464919511,3
SP-2601021RWEV4US,2026-01-02 20:51:59,2601021RWEV4US,1
SP-2601021UFVQNTB,2026-01-02 21:38:05,2601021UFVQNTB,1
SP-2601021UGHQ4T1,2026-01-02 21:38:26,2601021UGHQ4T1,1
SP-2601032C8WYA16,2026-01-03 02:38:28,2601032C8WYA16,1
SP-2601032QHJBP2Q,2026-01-03 06:00:06,2601032QHJBP2Q,1
TT-581939043330393116-116096,2026-01-03 09:44:24,581939043330393116,3
TT-581939561877768109-116096,2026-01-03 10:22:25,581939561877768109,3
SP-26010336KN1YQ3,2026-01-03 10:29:42,26010336KN1YQ3,1
SP-26010336SC35UW,2026-01-03 10:32:53,26010336SC35UW,1
TT-581939768690377903-116096,2026-01-03 10:36:09,581939768690377903,3
TP-581939954407016427-116092,2026-01-03 10:50:43,581939954407016427,2
SP-2601033900BKC4,2026-01-03 11:12:24,2601033900BKC4,1
SP-2601033AQ2QGHD,2026-01-03 11:43:18,2601033AQ2QGHD,1
SP-2601033BRRD0RD,2026-01-03 12:02:02,2601033BRRD0RD,1
SP-2601033PJUD2AP,2026-01-03 15:15:34,2601033PJUD2AP,1
SP-2601033TCCFE3J,2026-01-03 16:23:36,2601033TCCFE3J,1
SP-2601033XMEX0G0,2026-01-03 17:39:38,2601033XMEX0G0,1
SP-26010343FFY8GY,2026-01-03 19:06:24,26010343FFY8GY,1
SP-2601034534PSDD,2026-01-03 19:35:13,2601034534PSDD,1
SP-26010348PCH5K5,2026-01-03 20:40:30,26010348PCH5K5,1
SP-26010348TRRANN,2026-01-03 20:42:07,26010348TRRANN,1
SP-2601034FEFNSCQ,2026-01-03 22:40:32,2601034FEFNSCQ,1
TT-581951344028714825-116096,2026-01-04 01:06:28,581951344028714825,3
TT-581952709731190394-116096,2026-01-04 06:52:17,581952709731190394,3
SP-2601045E7BRC1D,2026-01-04 07:51:18,2601045E7BRC1D,1
SP-26010461B6ME5R,2026-01-04 13:34:19,26010461B6ME5R,1
SP-2601046HF2S4U2,2026-01-04 18:21:59,2601046HF2S4U2,1
SP-2601057BKBRWDF,2026-01-05 02:09:39,2601057BKBRWDF,1
SP-2601057R3HQK58,2026-01-05 05:54:18,2601057R3HQK58,1
SP-26010580HNVE5U,2026-01-05 08:24:32,26010580HNVE5U,1
TT-581969845026850713-116096,2026-01-05 08:50:41,581969845026850713,3
SP-26010582TNBHKX,2026-01-05 09:05:20,26010582TNBHKX,1
SP-26010591TW2JV6,2026-01-05 18:20:20,26010591TW2JV6,1
TT-581977393552131075-116096,2026-01-05 18:25:24,581977393552131075,3
TT-581981529557992756-116096,2026-01-05 22:48:56,581981529557992756,3
SP-2601069SFA8QM1,2026-01-06 01:23:16,2601069SFA8QM1,1
TT-581982840172218143-116096,2026-01-06 01:30:48,581982840172218143,3
SP-2601069Y8RY202,2026-01-06 03:06:59,2601069Y8RY202,1
SP-260106AEVWFRVV,2026-01-06 07:46:45,260106AEVWFRVV,1
SP-260106AJ9S836Y,2026-01-06 08:47:38,260106AJ9S836Y,1
SO-000002610,2026-01-06 09:27:00,SO-000002610,6
Pickers Bandung-DES-25,2026-01-06 09:27:00,Pickers Bandung-DES-25,15
Pickers Jakarta-DES-25,2026-01-06 09:27:00,Pickers Jakarta-DES-25,26
SP-260106AW782B51,2026-01-06 12:03:03,260106AW782B51,1
SP-260106B0NW1215,2026-01-06 13:04:52,260106B0NW1215,1
SP-260106B7F882GB,2026-01-06 15:06:25,260106B7F882GB,1
SO-000002614,2026-01-06 15:17:36,SO-000002614,6
SP-260106B8T2MY28,2026-01-06 15:30:22,260106B8T2MY28,1
SO-000002616,2026-01-06 15:36:16,SO-000002616,6
SO-000002617,2026-01-06 16:27:42,inv-cc-060126,6
SP-260106BDV3RQ16,2026-01-06 17:01:11,260106BDV3RQ16,1
SP-260106BRB06TSR,2026-01-06 20:08:27,260106BRB06TSR,1
SP-260106BRHC99E5,2026-01-06 20:12:41,260106BRHC99E5,1
TT-581994844809299469-116096,2026-01-06 20:27:23,581994844809299469,3
SP-260106BXYV9RYB,2026-01-06 22:07:24,260106BXYV9RYB,1
SP-260106C1KYKQMM,2026-01-06 22:54:22,260106C1KYKQMM,1
TT-581997812241106763-116096,2026-01-07 00:10:25,581997812241106763,3
SP-260107C8PJA6PJ,2026-01-07 01:01:04,260107C8PJA6PJ,1
SP-260107CHDRC9XB,2026-01-07 03:37:16,260107CHDRC9XB,1
SP-260107CUQPHQJA,2026-01-07 06:41:43,260107CUQPHQJA,1
SP-260107D0NDAASP,2026-01-07 08:09:55,260107D0NDAASP,1
TT-582000471279830405-116096,2026-01-07 08:33:37,582000471279830405,3
TT-582000600968431572-116096,2026-01-07 08:44:36,582000600968431572,3
TT-582000810516383590-116096,2026-01-07 09:02:53,582000810516383590,3
TT-582000860307490042-116096,2026-01-07 09:06:09,582000860307490042,3
SP-260107D6UK899H,2026-01-07 10:00:54,260107D6UK899H,1
TT-582002022667421689-116096,2026-01-07 10:42:33,582002022667421689,3
SO-000002643,2026-01-07 13:32:09,SO-000002643,6
SP-260107DP7MF8DW,2026-01-07 14:35:55,260107DP7MF8DW,1
TT-582005794185054125-116096,2026-01-07 15:17:42,582005794185054125,3
TP-582006014173939113-116092,2026-01-07 15:34:07,582006014173939113,2
SP-260107E559X1FJ,2026-01-07 19:03:07,260107E559X1FJ,1
TP-582008907076044754-116092,2026-01-07 19:12:30,582008907076044754,2
SP-260107EDE2BGJV,2026-01-07 21:31:07,260107EDE2BGJV,1
SP-260108EJQX9FWE,2026-01-07 23:06:07,260108EJQX9FWE,1
SP-260108EXUVAMN4,2026-01-08 02:43:05,260108EXUVAMN4,1
TP-582013884249703519-116092,2026-01-08 03:22:52,582013884249703519,2
SP-260108FM3876JU,2026-01-08 09:03:00,260108FM3876JU,1
SP-260108FPY6AP89,2026-01-08 09:54:25,260108FPY6AP89,1
TT-582017740338070529-116096,2026-01-08 11:15:09,582017740338070529,3
TT-582017897065776129-116096,2026-01-08 11:21:50,582017897065776129,3
SP-260108FXRHSA2P,2026-01-08 12:13:52,260108FXRHSA2P,1
TT-582019689576891872-116096,2026-01-08 13:36:23,582019689576891872,3
SP-260108G3W3035W,2026-01-08 13:45:58,260108G3W3035W,1
TT-582020395557881270-116096,2026-01-08 14:29:04,582020395557881270,3
SO-000002666,2026-01-08 14:59:59,SO-000002666,6
SP-260108G9V16NTD,2026-01-08 15:32:41,260108G9V16NTD,1
SP-260108G9WNKSRC,2026-01-08 15:34:30,260108G9WNKSRC,1
SP-260108GBU07U8H,2026-01-08 16:07:53,260108GBU07U8H,1
SP-260108GBUGFN15,2026-01-08 16:09:00,260108GBUGFN15,1
SP-260108GH8JG7KP,2026-01-08 17:44:58,260108GH8JG7KP,1
SP-260108GHPA2YY2,2026-01-08 17:52:38,260108GHPA2YY2,1
SP-260108GJH4CXJX,2026-01-08 18:07:38,260108GJH4CXJX,1
SP-260108GQX3K6RJ,2026-01-08 19:44:22,260108GQX3K6RJ,1
SP-260108GTAC0707,2026-01-08 20:27:51,260108GTAC0707,1
TP-582026289862968541-116092,2026-01-08 21:28:15,582026289862968541,2
SP-260109H2W9NE5F,2026-01-08 23:00:46,260109H2W9NE5F,1
SP-260109H7CXAT85,2026-01-09 00:21:06,260109H7CXAT85,1
SP-260109JA7RGGDY,2026-01-09 10:44:33,260109JA7RGGDY,1
SO-000002685,2026-01-09 11:24:43,OTOMN090126,6
SO-000002686,2026-01-09 11:32:46,OTYYG090126,6
SO-000002687,2026-01-09 12:08:39,OTKH080126,6
SP-260109JR8D2QSB,2026-01-09 14:55:27,260109JR8D2QSB,1
TT-582036631603021789-116096,2026-01-09 15:37:40,582036631603021789,3
SP-260109JTNEBJJJ,2026-01-09 15:38:39,260109JTNEBJJJ,1
SP-260109JUR0KGHJ,2026-01-09 15:57:53,260109JUR0KGHJ,1
SP-260109K5SY5Q0M,2026-01-09 18:57:55,260109K5SY5Q0M,1
SP-260109KD3QRM0K,2026-01-09 21:08:39,260109KD3QRM0K,1
SP-260109KG6M2PYQ,2026-01-09 22:03:57,260109KG6M2PYQ,1
SP-260109KK3ER8J0,2026-01-09 22:55:52,260109KK3ER8J0,1
TT-582047484575319231-116096,2026-01-10 10:10:19,582047484575319231,3
SP-260110MUAQQ5Y8,2026-01-10 10:55:46,260110MUAQQ5Y8,1
SP-260110MYCXACUC,2026-01-10 12:08:35,260110MYCXACUC,1
TT-582050454795158932-116096,2026-01-10 13:46:30,582050454795158932,3
SP-260110N6E669DP,2026-01-10 14:14:34,260110N6E669DP,1
SP-260110N7UFTQRK,2026-01-10 14:39:53,260110N7UFTQRK,1
SP-260110N9S4WN4W,2026-01-10 15:14:27,260110N9S4WN4W,1
TT-582052157795042319-116096,2026-01-10 15:54:37,582052157795042319,3
TT-582052199614612688-116096,2026-01-10 15:59:47,582052199614612688,3
TT-582053183979423358-116096,2026-01-10 17:19:57,582053183979423358,3
SP-260111P52TVP8H,2026-01-10 23:22:58,260111P52TVP8H,1
SP-260111P58KVFHU,2026-01-10 23:26:16,260111P58KVFHU,1
SP-260111PU0MWP6Q,2026-01-11 05:55:28,260111PU0MWP6Q,1
TP-582062956220613955-116092,2026-01-11 10:23:20,582062956220613955,2
SP-260111QHVH9PT5,2026-01-11 12:44:51,260111QHVH9PT5,1
TP-582065278643832503-116092,2026-01-11 13:01:14,582065278643832503,2
AL-202601110642082824090-118542,2026-01-11 13:42:12,202601110642082824090,8
SP-260111QN7GY8XR,2026-01-11 13:44:40,260111QN7GY8XR,1
SP-260111QPCBQG0W,2026-01-11 14:05:15,260111QPCBQG0W,1
SP-260111RB8H3VWR,2026-01-11 20:18:52,260111RB8H3VWR,1
SP-260111RCETJPR8,2026-01-11 20:40:17,260111RCETJPR8,1
SP-260111RE5FKG59,2026-01-11 21:10:54,260111RE5FKG59,1
TT-582073439524849516-116096,2026-01-11 22:07:10,582073439524849516,3
SP-260112RRA7S2TY,2026-01-12 00:13:18,260112RRA7S2TY,1
TT-582076672458262088-116096,2026-01-12 07:09:16,582076672458262088,3
SO-000002728,2026-01-12 09:36:21,OT-1-100126,6
SO-000002729,2026-01-12 10:24:10,OT-2-120126,6
SP-260112SU1CK4AM,2026-01-12 10:33:51,260112SU1CK4AM,1
SP-260112T27TBH3S,2026-01-12 12:42:44,260112T27TBH3S,1
SP-260112T2GQJ79R,2026-01-12 12:47:42,260112T2GQJ79R,1
TP-582079180773295494-116092,2026-01-12 12:59:33,582079180773295494,2
SP-260112T4DH2G1F,2026-01-12 13:21:42,260112T4DH2G1F,1
SP-260112T5E3DD94,2026-01-12 13:39:56,260112T5E3DD94,1
SP-260112T7KGH80T,2026-01-12 14:18:44,260112T7KGH80T,1
SP-260112T9C4F6RH,2026-01-12 14:50:24,260112T9C4F6RH,1
SP-260112TCW8MJM4,2026-01-12 15:53:44,260112TCW8MJM4,1
SP-260112TM10JNDF,2026-01-12 18:01:02,260112TM10JNDF,1
SP-260112TMB20SCA,2026-01-12 18:06:39,260112TMB20SCA,1
SP-260112TQFREPR5,2026-01-12 19:02:58,260112TQFREPR5,1
SP-260113U6P97D4U,2026-01-12 23:35:03,260113U6P97D4U,1
SP-260113V27S0679,2026-01-13 07:48:02,260113V27S0679,1
SP-260113V67CKC8P,2026-01-13 08:59:23,260113V67CKC8P,1
TT-582093090848736775-116096,2026-01-13 09:15:23,582093090848736775,3
TT-582094037547648250-116096,2026-01-13 10:32:13,582094037547648250,3
SP-260113VF5A6JHN,2026-01-13 11:39:23,260113VF5A6JHN,1
TT-582095848118191175-116096,2026-01-13 12:42:38,582095848118191175,3
SP-260113VRM6BQUA,2026-01-13 14:28:44,260113VRM6BQUA,1
SP-260113VVEQW68T,2026-01-13 15:37:12,260113VVEQW68T,1
SP-260113VY6EH1FV,2026-01-13 16:27:10,260113VY6EH1FV,1
SP-2601140JEFCSYK,2026-01-13 23:10:13,2601140JEFCSYK,1
SP-2601140N4PBMEY,2026-01-13 23:58:30,2601140N4PBMEY,1
TP-582105282321942028-116092,2026-01-14 00:23:56,582105282321942028,2
SP-2601141FUGK8QE,2026-01-14 07:56:34,2601141FUGK8QE,1
SP-2601141G5ACES9,2026-01-14 08:01:58,2601141G5ACES9,1
SP-2601141J4YDEQ8,2026-01-14 08:37:34,2601141J4YDEQ8,1
SP-2601141MPW2BRQ,2026-01-14 09:23:23,2601141MPW2BRQ,1
SP-2601141P4SQUWD,2026-01-14 09:49:03,2601141P4SQUWD,1
TT-582109065561146905-116096,2026-01-14 10:11:28,582109065561146905,3
SP-2601141TC77N5P,2026-01-14 11:04:48,2601141TC77N5P,1
SP-2601141VT0AX2T,2026-01-14 11:48:18,2601141VT0AX2T,1
SP-2601141YYGFP2F,2026-01-14 12:45:03,2601141YYGFP2F,1
TT-582111342445299041-116096,2026-01-14 12:49:07,582111342445299041,3
SP-26011421361VTQ,2026-01-14 13:05:51,26011421361VTQ,1
SP-260114219MYNU9,2026-01-14 13:08:47,260114219MYNU9,1
SO-000002773,2026-01-14 13:36:29,OT-3-140126,6
SP-26011426E1GQJN,2026-01-14 14:40:33,26011426E1GQJN,1
SP-2601142HFH1PFU,2026-01-14 17:58:15,2601142HFH1PFU,1
SP-2601142HRD6W1T,2026-01-14 18:03:12,2601142HRD6W1T,1
SP-2601142MEP35YP,2026-01-14 18:51:31,2601142MEP35YP,1
SP-2601142Q87X12N,2026-01-14 19:41:43,2601142Q87X12N,1
SP-2601142SQYWYY3,2026-01-14 20:26:09,2601142SQYWYY3,1
SP-2601143064H6AM,2026-01-14 22:21:26,2601143064H6AM,1
SP-260114307N53AP,2026-01-14 22:22:16,260114307N53AP,1
SP-2601153606A28Y,2026-01-15 00:05:28,2601153606A28Y,1
SP-2601153BTME0MR,2026-01-15 01:49:44,2601153BTME0MR,1
SP-2601153VU42UDP,2026-01-15 06:54:18,2601153VU42UDP,1
SP-2601153X9E3US2,2026-01-15 07:20:09,2601153X9E3US2,1
SO-000002792,2026-01-15 09:33:50,order-manual-1501,6
TT-582124685024004013-116096,2026-01-15 09:44:56,582124685024004013,3
SP-26011546VS3D1Y,2026-01-15 09:54:07,26011546VS3D1Y,1
SP-26011546Y2FM2V,2026-01-15 09:55:24,26011546Y2FM2V,1
SP-2601154A21N2AX,2026-01-15 10:50:46,2601154A21N2AX,1
SP-2601154EY7C1Y9,2026-01-15 12:18:39,2601154EY7C1Y9,1
SP-2601154EYE1UYC,2026-01-15 12:18:53,2601154EYE1UYC,1
SP-2601154J07JGMA,2026-01-15 13:12:54,2601154J07JGMA,1
SP-2601154JX609NA,2026-01-15 13:29:43,2601154JX609NA,1
SP-2601154N2GR54N,2026-01-15 14:07:53,2601154N2GR54N,1
AL-202601150735056466854-118542,2026-01-15 14:35:08,202601150735056466854,8
SP-2601154S8S1VSB,2026-01-15 15:22:54,2601154S8S1VSB,1
SP-2601154SXDE377,2026-01-15 15:35:04,2601154SXDE377,1
TT-582130674299471286-116096,2026-01-15 17:08:48,582130674299471286,3
SP-26011552YQRG1W,2026-01-15 18:16:51,26011552YQRG1W,1
SP-260115585MT7WE,2026-01-15 19:50:28,260115585MT7WE,1
SP-2601155A3QCAUB,2026-01-15 20:24:21,2601155A3QCAUB,1
SP-2601155G2PE6M6,2026-01-15 22:11:09,2601155G2PE6M6,1
TT-582135538840142897-116096,2026-01-15 22:28:45,582135538840142897,3
SP-2601155JBG9G2K,2026-01-15 22:52:43,2601155JBG9G2K,1
SP-2601165K4KAQP2,2026-01-15 23:05:54,2601165K4KAQP2,1
SP-2601165NHBY7UF,2026-01-15 23:48:50,2601165NHBY7UF,1
SP-2601165SCYTPKN,2026-01-16 00:57:59,2601165SCYTPKN,1
SP-2601165WN1C9D7,2026-01-16 02:14:03,2601165WN1C9D7,1
SP-26011665V77V90,2026-01-16 04:41:14,26011665V77V90,1
TT-582141088661275752-116096,2026-01-16 10:44:06,582141088661275752,3
SP-2601166THRV8MT,2026-01-16 10:52:02,2601166THRV8MT,1
SP-2601166VUSTFFV,2026-01-16 11:32:36,2601166VUSTFFV,1
SP-2601166X5FYAX1,2026-01-16 11:56:04,2601166X5FYAX1,1
SP-26011674YE7F0J,2026-01-16 13:57:52,26011674YE7F0J,1
SP-260116760SCXEC,2026-01-16 14:16:27,260116760SCXEC,1
SP-2601167GYRS8V4,2026-01-16 17:32:44,2601167GYRS8V4,1
TT-582146604645254791-116096,2026-01-16 17:33:20,582146604645254791,3
SP-2601167HY164UU,2026-01-16 17:50:13,2601167HY164UU,1
TT-582147697653942056-116096,2026-01-16 18:47:48,582147697653942056,3
TP-582148996277634975-116092,2026-01-16 20:13:21,582148996277634975,2
SP-2601167VS81206,2026-01-16 21:03:51,2601167VS81206,1
SP-2601167XCK6W0B,2026-01-16 21:32:34,2601167XCK6W0B,1
SP-26011786SH4TWV,2026-01-17 00:02:57,26011786SH4TWV,1
SP-26011789079SQV,2026-01-17 00:42:33,26011789079SQV,1
SP-2601178AM0T7F1,2026-01-17 01:11:27,2601178AM0T7F1,1
TT-582153098425107770-116096,2026-01-17 03:28:46,582153098425107770,3
TT-582153927300121761-116096,2026-01-17 06:41:51,582153927300121761,3
TP-582154391408051434-116092,2026-01-17 07:35:30,582154391408051434,2
SP-26011793H4QAMQ,2026-01-17 08:37:15,26011793H4QAMQ,1
TT-582155098502170481-116096,2026-01-17 08:43:33,582155098502170481,3
TT-582155178077750638-116096,2026-01-17 08:49:24,582155178077750638,3
TT-582155265403684093-116096,2026-01-17 08:58:21,582155265403684093,3
SP-26011796F1PY5H,2026-01-17 09:29:52,26011796F1PY5H,1
SP-2601179745VH39,2026-01-17 09:42:24,2601179745VH39,1
SP-26011797BJEDYN,2026-01-17 09:45:42,26011797BJEDYN,1
TT-582156190577362145-116096,2026-01-17 10:06:54,582156190577362145,3
SP-26011799Q14XM5,2026-01-17 10:27:54,26011799Q14XM5,1
TT-582156859448788060-116096,2026-01-17 10:57:18,582156859448788060,3
SP-2601179KSHS2X3,2026-01-17 13:28:20,2601179KSHS2X3,1
TT-582159118775059672-116096,2026-01-17 13:33:12,582159118775059672,3
TT-582159407389902244-116096,2026-01-17 13:49:43,582159407389902244,3
SP-2601179N1S8T18,2026-01-17 13:50:47,2601179N1S8T18,1
TT-582160102045287524-116096,2026-01-17 14:40:58,582160102045287524,3
TT-582160118010971330-116096,2026-01-17 14:42:55,582160118010971330,3
TT-582160286250797036-116096,2026-01-17 14:56:07,582160286250797036,3
SP-2601179RVVVN2V,2026-01-17 14:59:37,2601179RVVVN2V,1
SP-2601179T3W80UH,2026-01-17 15:21:26,2601179T3W80UH,1
TT-582160820136347055-116096,2026-01-17 15:37:56,582160820136347055,3
SP-2601179V7TM35A,2026-01-17 15:59:25,2601179V7TM35A,1
SP-2601179XCV8S6T,2026-01-17 16:38:02,2601179XCV8S6T,1
SP-260117A94E96VH,2026-01-17 19:50:10,260117A94E96VH,1
SP-260117AHWBJ7BJ,2026-01-17 22:27:16,260117AHWBJ7BJ,1
SP-260117AKBC3CF6,2026-01-17 22:53:00,260117AKBC3CF6,1
TP-582167584164709881-116092,2026-01-17 23:48:09,582167584164709881,2
SP-260118AR4WC8N0,2026-01-18 00:18:52,260118AR4WC8N0,1
SP-260118AWXUBCD0,2026-01-18 02:02:52,260118AWXUBCD0,1
SP-260118AX86T07Q,2026-01-18 02:08:05,260118AX86T07Q,1
SP-260118B2JB5EGW,2026-01-18 03:25:21,260118B2JB5EGW,1
TT-582172991699715922-116096,2026-01-18 11:34:52,582172991699715922,3
SP-260118C6UAG2Y2,2026-01-18 14:14:42,260118C6UAG2Y2,1
TT-582178523102348862-116096,2026-01-18 18:08:17,582178523102348862,3
SP-260118CP56035M,2026-01-18 18:48:37,260118CP56035M,1
TT-582179803074299826-116096,2026-01-18 19:33:07,582179803074299826,3
SP-260118D3CSGK9W,2026-01-18 22:46:18,260118D3CSGK9W,1
SP-260119D7MV0AJ4,2026-01-19 00:01:39,260119D7MV0AJ4,1
SP-260119D9GCG6AX,2026-01-19 00:34:50,260119D9GCG6AX,1
TT-582185103877047638-116096,2026-01-19 05:41:27,582185103877047638,3
SP-260119E65GUTGJ,2026-01-19 09:07:48,260119E65GUTGJ,1
SP-260119E6E6DNMC,2026-01-19 09:12:35,260119E6E6DNMC,1
SP-260119E6MKCXA1,2026-01-19 09:16:10,260119E6MKCXA1,1
TT-582187186984354864-116096,2026-01-19 09:33:33,582187186984354864,3
SP-260119ECPGYCDD,2026-01-19 11:04:41,260119ECPGYCDD,1
SP-260119EEAADR4F,2026-01-19 11:33:36,260119EEAADR4F,1
TT-582189672926774466-116096,2026-01-19 12:36:29,582189672926774466,3
SP-260119EJHDEQCN,2026-01-19 12:49:08,260119EJHDEQCN,1
SP-260119ENPAKQ1G,2026-01-19 13:45:38,260119ENPAKQ1G,1
SP-260119ENXA5S51,2026-01-19 13:50:02,260119ENXA5S51,1
TT-582192368049358751-116096,2026-01-19 15:53:10,582192368049358751,3
SP-260119FD1E9M1G,2026-01-19 20:43:24,260119FD1E9M1G,1
SP-260119FEQTR7PH,2026-01-19 21:13:48,260119FEQTR7PH,1
SP-260119FF1X14J3,2026-01-19 21:19:27,260119FF1X14J3,1
SP-260119FJVR4004,2026-01-19 22:28:12,260119FJVR4004,1
SP-260119FKRC7A03,2026-01-19 22:43:35,260119FKRC7A03,1
SP-260120FN00HP33,2026-01-19 23:06:35,260120FN00HP33,1
TT-582199178290955802-116096,2026-01-20 00:07:18,582199178290955802,3
SP-260120FRECWVFN,2026-01-20 00:07:30,260120FRECWVFN,1
SP-260120FS34PAG4,2026-01-20 00:19:05,260120FS34PAG4,1
SP-260120FWVPYEJR,2026-01-20 01:44:59,260120FWVPYEJR,1
SP-260120GBYVNEX0,2026-01-20 05:57:17,260120GBYVNEX0,1
SP-260120GJA59UW8,2026-01-20 07:50:25,260120GJA59UW8,1
TT-582202988123423835-116096,2026-01-20 10:08:17,582202988123423835,3
SP-260120GTB8KBNP,2026-01-20 10:14:12,260120GTB8KBNP,1
TT-582203069271475323-116096,2026-01-20 10:14:25,582203069271475323,3
TT-582205952764577472-116096,2026-01-20 13:46:25,582205952764577472,3
SO-000002924,2026-01-20 14:32:23,OT-4-200126,6
SP-260120HH0WKW78,2026-01-20 17:00:01,260120HH0WKW78,1
SP-260120HTPM6CUD,2026-01-20 19:53:13,260120HTPM6CUD,1
SP-260121J7MTD6S0,2026-01-20 23:44:50,260121J7MTD6S0,1
SP-260121JCM1VQ44,2026-01-21 01:13:58,260121JCM1VQ44,1
SP-260121JYBAC5UH,2026-01-21 06:49:02,260121JYBAC5UH,1
SP-260121K04BD6BH,2026-01-21 07:03:01,260121K04BD6BH,1
TT-582217099247388493-116096,2026-01-21 08:50:41,582217099247388493,3
SP-260121K9E1Q6BM,2026-01-21 09:49:30,260121K9E1Q6BM,1
SP-260121KDAG7B3S,2026-01-21 10:59:56,260121KDAG7B3S,1
SP-260121KJ4X736F,2026-01-21 12:25:29,260121KJ4X736F,1
SP-260121KJMWBUJ6,2026-01-21 12:34:24,260121KJMWBUJ6,1
SP-260121KPMB8QYN,2026-01-21 13:45:40,260121KPMB8QYN,1
SP-260121KPMY8JAT,2026-01-21 13:46:02,260121KPMY8JAT,1
SP-260121KR10SG99,2026-01-21 14:10:40,260121KR10SG99,1
SP-260121KTD1KT5P,2026-01-21 14:53:11,260121KTD1KT5P,1
SP-260121KUMRUJNC,2026-01-21 15:15:23,260121KUMRUJNC,1
SP-260121KWH9TVBH,2026-01-21 15:49:14,260121KWH9TVBH,1
SP-260121M3HF39JP,2026-01-21 17:36:42,260121M3HF39JP,1
SP-260121M4KJ2UMV,2026-01-21 17:56:37,260121M4KJ2UMV,1
SP-260121M7E9282A,2026-01-21 18:47:21,260121M7E9282A,1
SP-260121MDGAF9SJ,2026-01-21 20:35:01,260121MDGAF9SJ,1
SP-260122MSHNG5UK,2026-01-22 00:10:32,260122MSHNG5UK,1
SP-260122MXJBP3VQ,2026-01-22 01:40:23,260122MXJBP3VQ,1
SP-260122NJGDT9YM,2026-01-22 07:37:14,260122NJGDT9YM,1
SP-260122NJMARGDE,2026-01-22 07:40:14,260122NJMARGDE,1
TT-582232337429005912-116096,2026-01-22 08:54:20,582232337429005912,3
TT-582232637831873973-116096,2026-01-22 09:17:58,582232637831873973,3
SP-260122NUJJSTFW,2026-01-22 10:20:20,260122NUJJSTFW,1
SP-260122P5CB4783,2026-01-22 13:14:57,260122P5CB4783,1
SP-260122PBVT38NE,2026-01-22 15:11:32,260122PBVT38NE,1
TT-582238900864255863-116096,2026-01-22 17:22:24,582238900864255863,3
SP-260122PW1MWQEW,2026-01-22 20:18:28,260122PW1MWQEW,1
SP-260122Q61FFA1S,2026-01-22 22:59:26,260122Q61FFA1S,1
TT-581682331350238671-116096,2026-01-23 01:41:24,581682331350238671,3
TT-582247460139075405-116096,2026-01-23 08:33:25,582247460139075405,3
TT-582247559626983245-116096,2026-01-23 08:44:03,582247559626983245,3
TT-582247543159162484-116096,2026-01-23 08:45:09,582247543159162484,3
SP-260123RM2EUUEC,2026-01-23 12:43:11,260123RM2EUUEC,1
TT-582250936213735262-116096,2026-01-23 12:48:38,582250936213735262,3
SP-260123RQ1G5EMF,2026-01-23 13:36:20,260123RQ1G5EMF,1
TP-582251817401484510-116092,2026-01-23 13:52:13,582251817401484510,2
TT-582252187974468906-116096,2026-01-23 14:21:55,582252187974468906,3
TT-582252650414704450-116096,2026-01-23 14:58:18,582252650414704450,3
SP-260123RXAKRSPU,2026-01-23 15:46:48,260123RXAKRSPU,1
SP-260123S1AX25A2,2026-01-23 16:40:35,260123S1AX25A2,1
SP-260123S1SSWQMY,2026-01-23 16:48:53,260123S1SSWQMY,1
SP-260123S4837X3M,2026-01-23 17:32:40,260123S4837X3M,1
SP-260123S8G9GMMA,2026-01-23 18:48:55,260123S8G9GMMA,1
SP-260123SEHG6GJF,2026-01-23 20:36:53,260123SEHG6GJF,1
SP-260123SNVGTQRU,2026-01-23 22:48:26,260123SNVGTQRU,1
SP-260124SSR3RX39,2026-01-23 23:57:26,260124SSR3RX39,1
SP-260124T8CCSTXA,2026-01-24 04:19:19,260124T8CCSTXA,1
SP-260124TBCWSPBP,2026-01-24 05:13:18,260124TBCWSPBP,1
TT-582261481761507061-116096,2026-01-24 06:07:12,582261481761507061,3
SP-260124TGQ38NHR,2026-01-24 06:48:32,260124TGQ38NHR,1
TP-582262228647904602-116092,2026-01-24 07:41:31,582262228647904602,2
SP-260124TNBKDV4V,2026-01-24 08:11:31,260124TNBKDV4V,1
TT-582264161931855536-116096,2026-01-24 10:16:43,582264161931855536,3
TT-582264215138961128-116096,2026-01-24 10:26:57,582264215138961128,3
SP-260124UENTX2DS,2026-01-24 15:44:38,260124UENTX2DS,1
SP-260124UMH10M9W,2026-01-24 17:29:19,260124UMH10M9W,1
SP-260124UX6W8M11,2026-01-24 20:22:38,260124UX6W8M11,1
SP-260125VAH1KFTN,2026-01-25 00:03:03,260125VAH1KFTN,1
SP-260125VYDJF8TX,2026-01-25 06:16:54,260125VYDJF8TX,1
SP-260125W125R52G,2026-01-25 06:46:25,260125W125R52G,1
SP-260125015FX7X9,2026-01-25 07:48:29,260125015FX7X9,1
SP-26012502M1HUFW,2026-01-25 08:13:41,26012502M1HUFW,1
SP-260125040R3KN9,2026-01-25 08:38:40,260125040R3KN9,1
SP-2601250C64T7MB,2026-01-25 11:04:51,2601250C64T7MB,1
SP-2601250FGSYUSP,2026-01-25 12:04:31,2601250FGSYUSP,1
SP-2601250GNJSQJ3,2026-01-25 12:25:04,2601250GNJSQJ3,1
SP-2601250TX9TMMK,2026-01-25 15:29:45,2601250TX9TMMK,1
TP-582285538268513961-116092,2026-01-25 16:57:29,582285538268513961,2
SP-26012513NC20K2,2026-01-25 18:04:59,26012513NC20K2,1
SP-26012515K09E0U,2026-01-25 18:39:27,26012515K09E0U,1
SP-260125194W5XTK,2026-01-25 19:43:58,260125194W5XTK,1
SP-2601251993NFK9,2026-01-25 19:45:35,2601251993NFK9,1
SP-2601251AQVVVFP,2026-01-25 20:11:40,2601251AQVVVFP,1
SP-2601251E5WUPUA,2026-01-25 21:13:11,2601251E5WUPUA,1
SP-2601251FC2KHU8,2026-01-25 21:34:31,2601251FC2KHU8,1
SP-2601251GQUJ571,2026-01-25 21:59:00,2601251GQUJ571,1
SP-2601261PC0H83F,2026-01-25 23:39:46,2601261PC0H83F,1
SP-2601262BYJJ3JY,2026-01-26 06:06:30,2601262BYJJ3JY,1
SP-2601262KFNAWPG,2026-01-26 08:20:47,2601262KFNAWPG,1
SP-2601262KT7TRMY,2026-01-26 08:26:41,2601262KT7TRMY,1
SP-2601262QUF0D8C,2026-01-26 09:38:57,2601262QUF0D8C,1
SP-2601262RFUAKU3,2026-01-26 09:50:22,2601262RFUAKU3,1
SP-2601262VAKGDDU,2026-01-26 10:59:00,2601262VAKGDDU,1
SP-2601262VQKB00E,2026-01-26 11:06:16,2601262VQKB00E,1
TT-582298268889482312-116096,2026-01-26 13:04:50,582298268889482312,3
SP-26012633FS7VV7,2026-01-26 13:08:00,26012633FS7VV7,1
SP-26012634HU9E5K,2026-01-26 13:26:13,26012634HU9E5K,1
SP-26012635RDBGUB,2026-01-26 13:48:38,26012635RDBGUB,1
TP-582299116711544823-116092,2026-01-26 14:09:05,582299116711544823,2
SP-260126372FWP0Y,2026-01-26 14:11:20,260126372FWP0Y,1
SP-26012639CE211F,2026-01-26 14:52:40,26012639CE211F,1
SP-2601263BYDY87E,2026-01-26 15:39:06,2601263BYDY87E,1
TT-582300834329691738-116096,2026-01-26 16:24:16,582300834329691738,3
SP-2601263MXHPUA9,2026-01-26 18:19:40,2601263MXHPUA9,1
TP-582302894672217473-116092,2026-01-26 19:02:41,582302894672217473,2
SP-2601263UUTQFJC,2026-01-26 20:23:28,2601263UUTQFJC,1
TP-582304413597074928-116092,2026-01-26 20:30:15,582304413597074928,2
SP-26012643SVUB2P,2026-01-26 22:45:29,26012643SVUB2P,1
TP-582306626786002598-116092,2026-01-26 22:55:59,582306626786002598,2
TT-582306720230115037-116096,2026-01-26 23:05:11,582306720230115037,3
SP-2601274C9643VD,2026-01-27 01:17:17,2601274C9643VD,1
SP-2601274UHTJKMK,2026-01-27 05:50:29,2601274UHTJKMK,1
TT-582310554475463843-116096,2026-01-27 09:27:23,582310554475463843,3
TT-582310864211248291-116096,2026-01-27 09:50:06,582310864211248291,3
SO-000003053,2026-01-27 10:54:41,RIMC-EVN-KNG,6
SP-2601275ENA01UE,2026-01-27 11:32:26,2601275ENA01UE,1
SP-2601275FG676QS,2026-01-27 11:47:28,2601275FG676QS,1
SP-2601275KYDKEWM,2026-01-27 13:07:39,2601275KYDKEWM,1
TT-582313670829508373-116096,2026-01-27 13:18:33,582313670829508373,3
TP-582314287794586712-116092,2026-01-27 13:59:45,582314287794586712,2
SP-26012763SFX11M,2026-01-27 17:50:35,26012763SFX11M,1
SP-260127674JGAV3,2026-01-27 18:50:34,260127674JGAV3,1
SP-2601276DTTGP4C,2026-01-27 20:50:17,2601276DTTGP4C,1
SP-2601286REFEXQX,2026-01-28 00:00:19,2601286REFEXQX,1
WS-21862-116091,2026-01-28 02:58:10,21862,5
TT-582324092371764415-116096,2026-01-28 06:30:30,582324092371764415,3
SP-2601287EBRE3JN,2026-01-28 06:32:31,2601287EBRE3JN,1
TT-582325506572584174-116096,2026-01-28 08:56:42,582325506572584174,3
TT-582326211150907160-116096,2026-01-28 09:53:56,582326211150907160,3
SP-2601287T37RVV9,2026-01-28 10:02:24,2601287T37RVV9,1
TT-582327195313080076-116096,2026-01-28 11:12:21,582327195313080076,3
SP-2601287X0C7RCA,2026-01-28 11:12:23,2601287X0C7RCA,1
WS-21863-116091,2026-01-28 12:19:21,21863,5
SO-000003077,2026-01-28 13:20:51,OT-5-280126,6
SP-2601288B6E69WN,2026-01-28 15:08:25,2601288B6E69WN,1
TT-582330707618334326-116096,2026-01-28 15:24:23,582330707618334326,3
SP-2601288HH42EYS,2026-01-28 17:01:46,2601288HH42EYS,1
SP-2601288UN0KC1V,2026-01-28 20:02:54,2601288UN0KC1V,1
SP-26012890X3SC2M,2026-01-28 21:37:29,26012890X3SC2M,1
SP-260129966GYNCY,2026-01-28 23:12:29,260129966GYNCY,1
TP-582339772601894824-116092,2026-01-29 06:38:02,582339772601894824,2
SP-260129A3XUPBCB,2026-01-29 08:04:14,260129A3XUPBCB,1
SP-260129A77SJJ67,2026-01-29 09:02:55,260129A77SJJ67,1
TT-582341897742944086-116096,2026-01-29 09:55:43,582341897742944086,3
TT-582342137706153326-116096,2026-01-29 10:15:19,582342137706153326,3
SP-260129ACRFV0K5,2026-01-29 10:42:34,260129ACRFV0K5,1
SO-000003092,2026-01-29 11:47:23,OT-6-290126,6
TT-582345363524912320-116096,2026-01-29 14:03:28,582345363524912320,3
TT-582345644497077569-116096,2026-01-29 14:20:14,582345644497077569,3
SO-000003095,2026-01-29 15:11:46,OT-7-290126,6
TT-582346613464336354-116096,2026-01-29 15:34:59,582346613464336354,3
SO-000003098,2026-01-29 16:33:44,OT-8-290126,6
SP-260129B7FNHQMY,2026-01-29 18:41:20,260129B7FNHQMY,1
SP-260129B7X9TAHX,2026-01-29 18:48:14,260129B7X9TAHX,1
SP-260129BEEWHBNU,2026-01-29 20:44:54,260129BEEWHBNU,1
SP-260129BM5JMP9X,2026-01-29 22:27:00,260129BM5JMP9X,1
SP-260130C3022TNM,2026-01-30 02:52:20,260130C3022TNM,1
SP-260130CJF995C7,2026-01-30 07:29:17,260130CJF995C7,1
SP-260130CRK118EQ,2026-01-30 09:18:46,260130CRK118EQ,1
TT-582357379270412205-116096,2026-01-30 09:21:07,582357379270412205,3
SP-260130CRY5403Y,2026-01-30 09:25:33,260130CRY5403Y,1
TT-582357841610442705-116096,2026-01-30 09:54:43,582357841610442705,3
TT-582357992300578749-116096,2026-01-30 10:09:52,582357992300578749,3
SP-260130CVUPJA6F,2026-01-30 10:35:11,260130CVUPJA6F,1
SO-000003112,2026-01-30 11:23:45,OT-9-300126,6
TP-582359364740613678-116092,2026-01-30 11:49:39,582359364740613678,2
SP-260130D2UTUF2C,2026-01-30 12:22:38,260130D2UTUF2C,1
SP-260130D3QHTGK8,2026-01-30 12:38:09,260130D3QHTGK8,1
TT-582360579943139266-116096,2026-01-30 13:06:19,582360579943139266,3
SP-260130D81DEYKK,2026-01-30 13:55:14,260130D81DEYKK,1
TT-582365076148815346-116096,2026-01-30 18:41:52,582365076148815346,3
TT-582365973707458386-116096,2026-01-30 19:44:16,582365973707458386,3
SP-260130E5UFG711,2026-01-30 22:48:47,260130E5UFG711,1
SP-260131EY0D9Q4B,2026-01-31 06:18:57,260131EY0D9Q4B,1
TT-582372855645963905-116096,2026-01-31 08:32:22,582372855645963905,3
TT-582373024233260149-116096,2026-01-31 08:48:01,582373024233260149,3
TT-582373658214238165-116096,2026-01-31 09:35:12,582373658214238165,3
TT-582373741623150379-116096,2026-01-31 09:43:35,582373741623150379,3
SP-260131FDGMNQ4D,2026-01-31 10:38:37,260131FDGMNQ4D,1
TT-582377748097238475-116096,2026-01-31 14:14:26,582377748097238475,3
SP-260131FSWHPS55,2026-01-31 14:20:32,260131FSWHPS55,1
TT-582378307617720316-116096,2026-01-31 14:54:44,582378307617720316,3
TT-582378853698668456-116096,2026-01-31 15:30:10,582378853698668456,3
SP-260131G3G9W1YH,2026-01-31 17:12:04,260131G3G9W1YH,1
SP-260131G4WP8ABA,2026-01-31 17:37:27,260131G4WP8ABA,1
TT-582383533038863452-116096,2026-01-31 20:51:42,582383533038863452,3
SP-260131GJGGD5BA,2026-01-31 21:40:40,260131GJGGD5BA,1
TT-582386399287281291-116096,2026-02-01 00:13:34,582386399287281291,3
TP-582388353378518238-116092,2026-02-01 07:07:07,582388353378518238,2
SP-260201HRX084D5,2026-02-01 09:08:13,260201HRX084D5,1
SP-260201HT28UDFK,2026-02-01 09:29:19,260201HT28UDFK,1
TT-582392569491785076-116096,2026-02-01 12:17:17,582392569491785076,3
TT-582392570502612340-116096,2026-02-01 12:17:52,582392570502612340,3
SP-260201J9HUHNKU,2026-02-01 14:05:38,260201J9HUHNKU,1
SP-260201JED53SG2,2026-02-01 15:32:34,260201JED53SG2,1
SP-260201JHAE3JT0,2026-02-01 16:24:44,260201JHAE3JT0,1
SP-260201JN5944F9,2026-02-01 17:33:21,260201JN5944F9,1
SP-260201JYVGNKUE,2026-02-01 20:45:18,260201JYVGNKUE,1
TT-582400615243547822-116096,2026-02-01 20:48:57,582400615243547822,3
TT-582400967052723733-116096,2026-02-01 21:05:06,582400967052723733,3
TT-582401480177125171-116096,2026-02-01 21:34:39,582401480177125171,3
SP-260201K2MX542K,2026-02-01 21:34:46,260201K2MX542K,1
TT-582402014220682763-116096,2026-02-01 22:02:22,582402014220682763,3
TT-582402655016420964-116096,2026-02-01 22:36:50,582402655016420964,3
TT-582403032493622301-116096,2026-02-01 23:07:37,582403032493622301,3
TT-582403989071430881-116096,2026-02-02 00:27:17,582403989071430881,3
TT-582404414366188555-116096,2026-02-02 01:21:56,582404414366188555,3
SP-260202KSCK3U4N,2026-02-02 04:21:50,260202KSCK3U4N,1
SP-260202KUGHFTCR,2026-02-02 04:59:41,260202KUGHFTCR,1
SP-260202M0QA6NF3,2026-02-02 06:32:58,260202M0QA6NF3,1
SP-260202M8S1JRTV,2026-02-02 08:57:13,260202M8S1JRTV,1
SP-260202M9WF0DNS,2026-02-02 09:17:27,260202M9WF0DNS,1
SP-260202MBTQRE6E,2026-02-02 09:51:43,260202MBTQRE6E,1
SP-260202MCB81WWQ,2026-02-02 10:00:57,260202MCB81WWQ,1
SP-260202MCNG3EPA,2026-02-02 10:06:42,260202MCNG3EPA,1
SP-260202MHCDJV02,2026-02-02 11:31:05,260202MHCDJV02,1
TT-582410025806759737-116096,2026-02-02 11:53:07,582410025806759737,3
TT-582410977081329389-116096,2026-02-02 12:44:20,582410977081329389,3
TT-582411095679469111-116096,2026-02-02 12:50:40,582411095679469111,3
TT-582411175092978756-116096,2026-02-02 12:56:37,582411175092978756,3
SP-260202MQNQN664,2026-02-02 13:23:40,260202MQNQN664,1
SP-260202MRSSH7TW,2026-02-02 13:43:50,260202MRSSH7TW,1
SP-260202MS5XNJ1K,2026-02-02 13:50:48,260202MS5XNJ1K,1
SP-260202MWTSB3V4,2026-02-02 15:13:59,260202MWTSB3V4,1
SP-260202MX4100PC,2026-02-02 15:19:02,260202MX4100PC,1
SO-000003183,2026-02-02 15:41:08,OT-10-020226,6
SP-260202N39FRSDN,2026-02-02 16:51:34,260202N39FRSDN,1
SP-260202N5T1G54N,2026-02-02 17:36:37,260202N5T1G54N,1
SP-260202N6B9PSY9,2026-02-02 17:46:20,260202N6B9PSY9,1
SP-260202NFY72SSK,2026-02-02 20:38:29,260202NFY72SSK,1
SP-260202NJBCM63S,2026-02-02 21:21:04,260202NJBCM63S,1
SP-260202NKC3TJNT,2026-02-02 21:39:23,260202NKC3TJNT,1
SP-260202NQGXBFP6,2026-02-02 22:53:46,260202NQGXBFP6,1
SP-260203NRS6RT0C,2026-02-02 23:16:10,260203NRS6RT0C,1
SP-260203PGX3BGDE,2026-02-03 06:28:24,260203PGX3BGDE,1
SP-260203PK45D7NR,2026-02-03 07:08:25,260203PK45D7NR,1
SP-260203PQ17YWU7,2026-02-03 08:17:36,260203PQ17YWU7,1
SP-260203PQK0DWD4,2026-02-03 08:27:33,260203PQK0DWD4,1
TT-582425744534701357-116096,2026-02-03 09:28:31,582425744534701357,3
TT-582425951895389485-116096,2026-02-03 09:48:11,582425951895389485,3
SP-260203PVKX8QS0,2026-02-03 09:57:28,260203PVKX8QS0,1
SP-260203PYM9FGS6,2026-02-03 10:51:22,260203PYM9FGS6,1
SO-000003205,2026-02-03 10:53:43,order-manual-0302,6
TP-582428228567205710-116092,2026-02-03 12:24:05,582428228567205710,2
SP-260203Q85BXV1F,2026-02-03 13:24:54,260203Q85BXV1F,1
SP-260203Q85CWCR8,2026-02-03 13:24:55,260203Q85CWCR8,1
TT-582430495581046144-116096,2026-02-03 14:57:15,582430495581046144,3
SP-260203QRHYFTBD,2026-02-03 18:18:17,260203QRHYFTBD,1
TT-582433470911645493-116096,2026-02-03 18:32:57,582433470911645493,3
SP-260203QVA3RAXP,2026-02-03 19:24:42,260203QVA3RAXP,1
SP-260203R0B9XBA5,2026-02-03 20:36:54,260203R0B9XBA5,1
SP-260203R0EF0TGK,2026-02-03 20:39:30,260203R0EF0TGK,1
SP-260203R18U03M1,2026-02-03 20:53:24,260203R18U03M1,1
SP-260204RJHFX9K5,2026-02-04 02:02:29,260204RJHFX9K5,1
TT-582442841696667455-116096,2026-02-04 10:02:10,582442841696667455,3
SP-260204SDBYGDAB,2026-02-04 10:02:38,260204SDBYGDAB,1
TT-582442809677087812-116096,2026-02-04 10:03:08,582442809677087812,3
TP-582443494727582798-116092,2026-02-04 10:49:06,582443494727582798,2
SP-260204SJVH1PC9,2026-02-04 11:41:19,260204SJVH1PC9,1
SP-260204SUDFTNK0,2026-02-04 14:13:57,260204SUDFTNK0,1
SP-260204SUWSDKYT,2026-02-04 14:23:04,260204SUWSDKYT,1
TT-582446741596439963-116096,2026-02-04 14:30:18,582446741596439963,3
SP-260204SX6R15N5,2026-02-04 15:03:56,260204SX6R15N5,1
SP-260204SY03KUW8,2026-02-04 15:18:04,260204SY03KUW8,1
SP-260204T0HGRNJG,2026-02-04 15:45:42,260204T0HGRNJG,1
TT-582448079009711462-116096,2026-02-04 16:10:44,582448079009711462,3
TT-582448497584801752-116096,2026-02-04 16:44:10,582448497584801752,3
SP-260204TCKSCGPR,2026-02-04 19:21:42,260204TCKSCGPR,1
TT-582451392352782223-116096,2026-02-04 19:59:16,582451392352782223,3
SP-260204THD8U9AN,2026-02-04 20:47:32,260204THD8U9AN,1
SP-260204TJNK3NW1,2026-02-04 21:10:55,260204TJNK3NW1,1
SP-260205TSWAW73Y,2026-02-04 23:19:41,260205TSWAW73Y,1
SP-260205TU5CMR1Y,2026-02-04 23:42:05,260205TU5CMR1Y,1
SP-260205TUUCF5UH,2026-02-04 23:54:24,260205TUUCF5UH,1
TT-582455131324581754-116096,2026-02-05 00:14:20,582455131324581754,3
SP-260205U0WN7FSR,2026-02-05 01:25:08,260205U0WN7FSR,1
TP-582457512204862471-116092,2026-02-05 07:54:28,582457512204862471,2
SP-260205UPRNJXWJ,2026-02-05 07:56:04,260205UPRNJXWJ,1
SP-260205URYJEJUU,2026-02-05 08:35:43,260205URYJEJUU,1
SP-260205UV616HHP,2026-02-05 09:33:00,260205UV616HHP,1
SP-260205UVSY4ETE,2026-02-05 09:44:09,260205UVSY4ETE,1
TT-582459118744602249-116096,2026-02-05 10:03:53,582459118744602249,3
SP-260205V6Y3RSTJ,2026-02-05 12:45:59,260205V6Y3RSTJ,1
SP-260205VDD0ND71,2026-02-05 14:41:14,260205VDD0ND71,1
SP-260205VH8HP23V,2026-02-05 15:50:20,260205VH8HP23V,1
TT-582464088510007040-116096,2026-02-05 15:56:22,582464088510007040,3
SP-260205W39SB393,2026-02-05 21:13:02,260205W39SB393,1
SP-26020501ABBN8M,2026-02-05 21:37:02,26020501ABBN8M,1
SP-26020501Y7XXXS,2026-02-05 21:48:42,26020501Y7XXXS,1
SP-26020504AA6S5K,2026-02-05 22:30:42,26020504AA6S5K,1
SP-26020609N9GCYS,2026-02-06 00:06:18,26020609N9GCYS,1
SP-2602060JJXD270,2026-02-06 02:46:03,2602060JJXD270,1
SP-2602060M9JGRGJ,2026-02-06 03:16:37,2602060M9JGRGJ,1
TT-582474609385637472-116096,2026-02-06 09:01:44,582474609385637472,3
TT-582474979424634058-116096,2026-02-06 09:34:00,582474979424634058,3
SO-000003268,2026-02-06 10:23:20,OT-11-060226,6
SP-2602061G1K50TX,2026-02-06 11:33:17,2602061G1K50TX,1
SP-2602061RR36QK0,2026-02-06 14:08:58,2602061RR36QK0,1
TT-582479270168331759-116096,2026-02-06 14:26:17,582479270168331759,3
SP-2602061XUWT8GD,2026-02-06 15:59:20,2602061XUWT8GD,1
SP-2602062DFG2G5U,2026-02-06 20:19:58,2602062DFG2G5U,1
SP-2602072QTASBYD,2026-02-06 23:24:59,2602072QTASBYD,1
Pickers Bandung-JAN-26,2026-02-06 23:24:59,Pickers Bandung-JAN-26,15
Pickers Jakarta-JAN-26,2026-02-06 23:24:59,Pickers Jakarta-JAN-26,26
SP-2602072WGEM6WW,2026-02-07 01:06:57,2602072WGEM6WW,1
SP-2602072WNBYNKU,2026-02-07 01:09:36,2602072WNBYNKU,1
SP-2602073NQQGDYD,2026-02-07 08:20:25,2602073NQQGDYD,1
TT-582490724923049071-116096,2026-02-07 09:13:15,582490724923049071,3
SP-2602073UC3730H,2026-02-07 10:01:17,2602073UC3730H,1
TT-582491593324857261-116096,2026-02-07 10:16:07,582491593324857261,3
SP-26020740HVEVJE,2026-02-07 11:33:59,26020740HVEVJE,1
SP-260207420D57J7,2026-02-07 12:00:04,260207420D57J7,1
TT-582493648691824128-116096,2026-02-07 12:36:48,582493648691824128,3
SP-2602074920F5GY,2026-02-07 14:06:10,2602074920F5GY,1
TT-582495542290449784-116096,2026-02-07 14:52:32,582495542290449784,3
TT-582495579294630927-116096,2026-02-07 14:53:04,582495579294630927,3
SO-000003291,2026-02-07 15:28:33,OT-12-070226,6
SP-2602074G4AQJAD,2026-02-07 16:12:44,2602074G4AQJAD,1
SP-2602074M3Y8GED,2026-02-07 17:24:07,2602074M3Y8GED,1
TP-582503494229263976-116092,2026-02-08 00:30:33,582503494229263976,2
TT-582503914808116978-116096,2026-02-08 01:43:23,582503914808116978,3
SP-26020866DEFC0R,2026-02-08 08:24:12,26020866DEFC0R,1
SP-26020868DVA052,2026-02-08 09:00:14,26020868DVA052,1
SP-26020869JYJSUB,2026-02-08 09:21:00,26020869JYJSUB,1
SP-2602086GJWFN80,2026-02-08 11:26:14,2602086GJWFN80,1
SP-2602086N4VKCNV,2026-02-08 12:47:52,2602086N4VKCNV,1
TP-582511511270295001-116092,2026-02-08 14:49:29,582511511270295001,2
TT-582515677653534467-116096,2026-02-08 19:43:24,582515677653534467,3
TT-582517782095955676-116096,2026-02-08 21:47:30,582517782095955676,3
SP-2602087NX9C091,2026-02-08 22:34:43,2602087NX9C091,1
TT-582522578350671763-116096,2026-02-09 08:40:37,582522578350671763,3
SP-2602098V1NX7SR,2026-02-09 09:56:43,2602098V1NX7SR,1
SP-2602098X6VBCP1,2026-02-09 10:35:21,2602098X6VBCP1,1
SP-2602099604V0TK,2026-02-09 12:54:45,2602099604V0TK,1
SP-2602099BAHYP8X,2026-02-09 14:30:04,2602099BAHYP8X,1
TT-582527880176895866-116096,2026-02-09 15:07:30,582527880176895866,3
SP-2602099DE8SR5A,2026-02-09 15:07:55,2602099DE8SR5A,1
SO-000003318,2026-02-09 16:20:53,OT-13-090226,6
SP-2602099JPFBBM2,2026-02-09 16:42:18,2602099JPFBBM2,1
SP-2602099KP7XS94,2026-02-09 16:59:45,2602099KP7XS94,1
TT-582530511536490223-116096,2026-02-09 18:26:39,582530511536490223,3
SP-2602099U4S414S,2026-02-09 19:13:09,2602099U4S414S,1
SP-260209A4KYUE6D,2026-02-09 22:02:43,260209A4KYUE6D,1
SP-260209A4SNX6KD,2026-02-09 22:05:54,260209A4SNX6KD,1
SP-260210B2NH5194,2026-02-10 07:00:27,260210B2NH5194,1
SP-260210B85717AC,2026-02-10 08:38:42,260210B85717AC,1
SP-260210BA5RRSPS,2026-02-10 09:14:48,260210BA5RRSPS,1
TT-582538747652113629-116096,2026-02-10 09:25:18,582538747652113629,3
TT-582539190197978392-116096,2026-02-10 09:57:00,582539190197978392,3
SP-260210BE7VG2GC,2026-02-10 10:27:34,260210BE7VG2GC,1
TT-582539777725334759-116096,2026-02-10 10:41:30,582539777725334759,3
SP-260210BN5GWJS6,2026-02-10 12:31:43,260210BN5GWJS6,1
SP-260210BRS0F5D0,2026-02-10 13:36:06,260210BRS0F5D0,1
SP-260210BUCBUH9V,2026-02-10 14:22:47,260210BUCBUH9V,1
TT-582543171673359494-116096,2026-02-10 14:56:38,582543171673359494,3
SP-260210BXV36YPB,2026-02-10 15:25:12,260210BXV36YPB,1
SP-260210BY7CNC37,2026-02-10 15:31:32,260210BY7CNC37,1
SP-260210C34TME6C,2026-02-10 16:41:46,260210C34TME6C,1
SP-260210C7E8Y248,2026-02-10 17:58:32,260210C7E8Y248,1
SP-260210CB64M4BE,2026-02-10 19:05:34,260210CB64M4BE,1
SP-260210CJXU3JTF,2026-02-10 21:24:39,260210CJXU3JTF,1
SP-260210CP9XKRAB,2026-02-10 22:24:34,260210CP9XKRAB,1
SP-260211DJS38YWD,2026-02-11 06:54:07,260211DJS38YWD,1
SP-260211DMGCAVY9,2026-02-11 07:25:09,260211DMGCAVY9,1
SP-260211DN03VYA2,2026-02-11 07:33:50,260211DN03VYA2,1
SP-260211DQ3J2M7H,2026-02-11 08:11:39,260211DQ3J2M7H,1
SP-260211DQ987PKX,2026-02-11 08:14:43,260211DQ987PKX,1
SP-260211DRABP3BJ,2026-02-11 08:33:15,260211DRABP3BJ,1
SP-260211DS535FH1,2026-02-11 08:48:15,260211DS535FH1,1
SP-260211DSHV9ADX,2026-02-11 08:55:20,260211DSHV9ADX,1
SP-260211DSW9JCX9,2026-02-11 09:01:43,260211DSW9JCX9,1
TT-582553599915493076-116096,2026-02-11 09:10:51,582553599915493076,3
TT-582554163045762652-116096,2026-02-11 09:55:53,582554163045762652,3
TT-582554251392222857-116096,2026-02-11 10:02:59,582554251392222857,3
SO-000003363,2026-02-11 10:20:11,OT-14-110226,6
TP-582554460008449064-116092,2026-02-11 10:22:00,582554460008449064,2
SP-260211DY01KKVU,2026-02-11 10:32:44,260211DY01KKVU,1
TT-582554905711642410-116096,2026-02-11 10:54:27,582554905711642410,3
TT-582554919184991553-116096,2026-02-11 10:56:40,582554919184991553,3
SP-260211E11JP9FK,2026-02-11 11:09:23,260211E11JP9FK,1
TT-582555184287090215-116096,2026-02-11 11:15:43,582555184287090215,3
SO-000003371,2026-02-11 11:18:53,order-110226-manual,6
TT-582555533766264445-116096,2026-02-11 11:45:23,582555533766264445,3
SP-260211E3PAW5EW,2026-02-11 11:56:48,260211E3PAW5EW,1
SP-260211E4UYF8JG,2026-02-11 12:17:50,260211E4UYF8JG,1
TT-582556474934527607-116096,2026-02-11 12:57:45,582556474934527607,3
TT-582556846289094477-116096,2026-02-11 13:25:46,582556846289094477,3
SP-260211E99BPYVQ,2026-02-11 13:37:00,260211E99BPYVQ,1
SP-260211E9XQFU2B,2026-02-11 13:48:51,260211E9XQFU2B,1
SP-260211EC4JTPXB,2026-02-11 14:27:56,260211EC4JTPXB,1
SP-260211ENU45KE6,2026-02-11 17:21:35,260211ENU45KE6,1
TT-582560539142686256-116096,2026-02-11 18:22:10,582560539142686256,3
SP-260211EU96H06D,2026-02-11 18:58:56,260211EU96H06D,1
SP-260211EVB3SVFW,2026-02-11 19:17:55,260211EVB3SVFW,1
SP-260211EW4BJDBT,2026-02-11 19:32:02,260211EW4BJDBT,1
SP-260211F1GX3CH5,2026-02-11 20:50:42,260211F1GX3CH5,1
SP-260211F2UE1CGT,2026-02-11 21:14:25,260211F2UE1CGT,1
SP-260212FJHVY5WT,2026-02-12 01:55:24,260212FJHVY5WT,1
SP-260212FJRDT5YT,2026-02-12 01:59:03,260212FJRDT5YT,1
SP-260212FSXF85PD,2026-02-12 04:07:43,260212FSXF85PD,1
SP-260212FWDS6UU5,2026-02-12 05:09:57,260212FWDS6UU5,1
SP-260212G7RKY3E6,2026-02-12 08:14:59,260212G7RKY3E6,1
SP-260212GB52C4CU,2026-02-12 09:15:41,260212GB52C4CU,1
SP-260212GJPXBMV9,2026-02-12 11:30:54,260212GJPXBMV9,1
SO-000003398,2026-02-12 12:01:00,OT-15-120226,6
TP-582570849454031978-116092,2026-02-12 12:59:12,582570849454031978,2
SP-260212GT93X8PN,2026-02-12 13:46:19,260212GT93X8PN,1
SP-260212GV7Y7GU6,2026-02-12 14:21:40,260212GV7Y7GU6,1
SP-260212GXEQ8K85,2026-02-12 15:01:02,260212GXEQ8K85,1
SP-260212H0UPKRDR,2026-02-12 15:44:05,260212H0UPKRDR,1
SP-260212H1N532V9,2026-02-12 15:58:20,260212H1N532V9,1
SP-260212H8R57M6F,2026-02-12 18:05:17,260212H8R57M6F,1
SP-260212HCN7SY5Y,2026-02-12 19:15:30,260212HCN7SY5Y,1
SP-260212HQR08HSA,2026-02-12 22:33:38,260212HQR08HSA,1
SP-260213HT3D4SMM,2026-02-12 23:15:47,260213HT3D4SMM,1
SP-260213J7UJWCPR,2026-02-13 03:21:57,260213J7UJWCPR,1
SP-260213JH0R5K9W,2026-02-13 06:05:55,260213JH0R5K9W,1
SP-260213JJ1QUYCK,2026-02-13 06:24:21,260213JJ1QUYCK,1
SP-260213JJBQBG5M,2026-02-13 06:29:56,260213JJBQBG5M,1
SP-260213JNAKTE2R,2026-02-13 07:23:00,260213JNAKTE2R,1
SP-260213JQ2PN184,2026-02-13 07:54:22,260213JQ2PN184,1
SP-260213JQRHR791,2026-02-13 08:06:36,260213JQRHR791,1
SP-260213JTNK1PPH,2026-02-13 08:58:38,260213JTNK1PPH,1
SP-260213JUKCR9JN,2026-02-13 09:15:17,260213JUKCR9JN,1
TT-582563520259720526-116096,2026-02-13 10:22:57,582563520259720526,3
TT-582582970635224659-116096,2026-02-13 10:31:56,582582970635224659,3
SP-260213K1UGQ7CA,2026-02-13 11:07:12,260213K1UGQ7CA,1
SP-260213K2H0AJ38,2026-02-13 11:19:14,260213K2H0AJ38,1
SP-260213K7F7CD6N,2026-02-13 12:47:42,260213K7F7CD6N,1
SP-260213K7FFY1ER,2026-02-13 12:47:51,260213K7FFY1ER,1
SP-260213K8C3EHUW,2026-02-13 13:03:51,260213K8C3EHUW,1
TP-582584912230713338-116092,2026-02-13 13:05:38,582584912230713338,2
SP-260213KB8TBBAA,2026-02-13 13:55:43,260213KB8TBBAA,1
AL-202602130706481810470-118542,2026-02-13 14:06:51,202602130706481810470,8
TT-582585977751307464-116096,2026-02-13 14:38:41,582585977751307464,3
TT-582585977801705229-116096,2026-02-13 14:39:43,582585977801705229,3
TT-582586193076127661-116096,2026-02-13 14:56:32,582586193076127661,3
SP-260213KHJGS51A,2026-02-13 15:48:35,260213KHJGS51A,1
SP-260213KSYKJP0A,2026-02-13 18:18:59,260213KSYKJP0A,1
SP-260213KTTSAD3T,2026-02-13 18:34:12,260213KTTSAD3T,1
SP-260213KTU1UME2,2026-02-13 18:34:24,260213KTU1UME2,1
SP-260213KU3ERGVT,2026-02-13 18:39:06,260213KU3ERGVT,1
SP-260213KUSP83QD,2026-02-13 18:51:29,260213KUSP83QD,1
SP-260213M7WYN6H8,2026-02-13 22:28:37,260213M7WYN6H8,1
SP-260213M92TD83E,2026-02-13 22:49:17,260213M92TD83E,1
SP-260214MHGE9HDY,2026-02-14 01:20:04,260214MHGE9HDY,1
SP-260214MJCFND23,2026-02-14 01:35:42,260214MJCFND23,1
TT-582593230037223182-116096,2026-02-14 01:43:08,582593230037223182,3
SP-260214MUAMWFQ7,2026-02-14 04:15:43,260214MUAMWFQ7,1
SP-260214MYXPQXKS,2026-02-14 05:38:36,260214MYXPQXKS,1
SP-260214N147E9SU,2026-02-14 05:59:30,260214N147E9SU,1
SP-260214N2CPFDE8,2026-02-14 06:22:08,260214N2CPFDE8,1
SP-260214ND8UAXYJ,2026-02-14 09:36:51,260214ND8UAXYJ,1
SP-260214NDJ5SBPC,2026-02-14 09:42:04,260214NDJ5SBPC,1
SP-260214NV24M0PM,2026-02-14 14:01:31,260214NV24M0PM,1
SP-260214P3UE41NK,2026-02-14 16:20:56,260214P3UE41NK,1
TT-582601766471828843-116096,2026-02-14 17:40:58,582601766471828843,3
SP-260214PACWHDP3,2026-02-14 18:18:05,260214PACWHDP3,1
SP-260214PKFFS04F,2026-02-14 21:00:35,260214PKFFS04F,1
TT-582604476127086023-116096,2026-02-14 21:16:24,582604476127086023,3
SP-260214PQPA8EQW,2026-02-14 22:15:59,260214PQPA8EQW,1
SP-260215Q1Y8WJWB,2026-02-15 01:19:58,260215Q1Y8WJWB,1
SP-260215Q694KT1P,2026-02-15 02:37:03,260215Q694KT1P,1
SP-260215Q6J6H5KK,2026-02-15 02:42:07,260215Q6J6H5KK,1
SP-260215QY9183CW,2026-02-15 10:04:23,260215QY9183CW,1
SP-260215QYJP60QQ,2026-02-15 10:09:51,260215QYJP60QQ,1
SP-260215R0VYEMFH,2026-02-15 10:33:26,260215R0VYEMFH,1
TT-582611983937734616-116096,2026-02-15 12:44:27,582611983937734616,3
SP-260215R87HU02V,2026-02-15 12:44:41,260215R87HU02V,1
SP-260215RKYUUA2J,2026-02-15 16:15:04,260215RKYUUA2J,1
SP-260215RM6JF08M,2026-02-15 16:18:49,260215RM6JF08M,1
SP-260215RN8MHA7W,2026-02-15 16:37:52,260215RN8MHA7W,1
SP-260215RU55DH5D,2026-02-15 18:23:19,260215RU55DH5D,1
SP-260215RVPB28AY,2026-02-15 18:50:48,260215RVPB28AY,1
SP-260215RW92U04R,2026-02-15 19:01:18,260215RW92U04R,1
SP-260215RXYWMRJ3,2026-02-15 19:31:57,260215RXYWMRJ3,1
SP-260215S6KVDA1Q,2026-02-15 21:48:27,260215S6KVDA1Q,1
SP-260216SAWJE7MS,2026-02-15 23:05:23,260216SAWJE7MS,1
SP-260216TX7E84DD,2026-02-16 14:23:35,260216TX7E84DD,1
SP-260216TV3A42J9,2026-02-16 13:45:30,260216TV3A42J9,1
SP-260216TGES6SBQ,2026-02-16 10:17:09,260216TGES6SBQ,1
SP-260216TEJSEJYP,2026-02-16 09:43:37,260216TEJSEJYP,1
SP-260216TE1AKTPK,2026-02-16 09:33:51,260216TE1AKTPK,1
SP-260216TBBWCCA9,2026-02-16 08:46:05,260216TBBWCCA9,1
SP-260216T6UDXHY6,2026-02-16 07:25:17,260216T6UDXHY6,1
SP-260216SQ4FPW2Y,2026-02-16 02:44:09,260216SQ4FPW2Y,1
SP-260216SJEFW3J8,2026-02-16 01:20:08,260216SJEFW3J8,1
SP-260216SH4PV5NV,2026-02-16 00:56:46,260216SH4PV5NV,1
SP-260216UPUG9100,2026-02-16 21:44:18,260216UPUG9100,1
SP-260216UEBKVPUM,2026-02-16 19:12:16,260216UEBKVPUM,1
SP-260216U6BUDSJS,2026-02-16 16:49:17,260216U6BUDSJS,1
SP-260216TXRPBT6W,2026-02-16 14:33:14,260216TXRPBT6W,1
SP-260216SGA195TS,2026-02-16 00:41:50,260216SGA195TS,1
TT-582633643989632749-116096,2026-02-16 22:25:37,582633643989632749,3
TT-582621403018200392-116096,2026-02-16 02:59:39,582621403018200392,3
TT-582628215540320122-116096,2026-02-16 15:23:46,582628215540320122,3
SP-2602181AMDBE1S,2026-02-17 23:43:03,2602181AMDBE1S,1
SP-26021715S8FPRQ,2026-02-17 22:16:16,26021715S8FPRQ,1
SP-2602170VYT28SF,2026-02-17 19:38:52,2602170VYT28SF,1
SP-2602170QJCJ5NP,2026-02-17 18:01:53,2602170QJCJ5NP,1
SP-2602170PJCAFVH,2026-02-17 17:43:59,2602170PJCAFVH,1
SP-2602170P18X0PH,2026-02-17 17:34:29,2602170P18X0PH,1
SP-2602170BMF9D8J,2026-02-17 14:28:18,2602170BMF9D8J,1
AL-202602170618589768674-118542,2026-02-17 13:19:03,202602170618589768674,8
TT-582634823765623900-116096,2026-02-17 00:41:38,582634823765623900,3
Shindu Asri Helmet 03 Feb 2026,2026-02-03 08:27:33,Shindu Asri Helmet 03 Feb 2026,12
SP-2602183QN60BQP,2026-02-18 22:41:26,2602183QN60BQP,1
SP-2602183PEWFHEQ,2026-02-18 22:20:02,2602183PEWFHEQ,1
SP-2602183HFTT02N,2026-02-18 20:51:04,2602183HFTT02N,1
SP-2602183E1H6VTU,2026-02-18 19:49:28,2602183E1H6VTU,1
SP-2602183BWRJJEK,2026-02-18 19:11:30,2602183BWRJJEK,1
SP-26021839E0KF8N,2026-02-18 18:26:53,26021839E0KF8N,1
SP-26021832PAT7DX,2026-02-18 16:26:20,26021832PAT7DX,1
SP-2602182W2UU36K,2026-02-18 14:45:55,2602182W2UU36K,1
SP-2602182V64E838,2026-02-18 14:29:50,2602182V64E838,1
SP-2602182UWKR16X,2026-02-18 14:25:05,2602182UWKR16X,1
SP-2602182FEKWHGE,2026-02-18 10:41:56,2602182FEKWHGE,1
SP-2602182D5DP3EF,2026-02-18 10:01:05,2602182D5DP3EF,1
SP-2602182A5774WB,2026-02-18 09:07:16,2602182A5774WB,1
SP-26021829QR5C7Y,2026-02-18 08:59:45,26021829QR5C7Y,1
SP-26021828VM927X,2026-02-18 08:44:31,26021828VM927X,1
SP-2602182V9G6SUU,2026-02-18 14:31:43,2602182V9G6SUU,1
SO-000003530,2026-02-18 18:19:12,OT-16-180226,6
TT-582659589621580808-116096,2026-02-18 18:02:58,582659589621580808,3
TT-582652691071928150-116096,2026-02-18 09:05:24,582652691071928150,3
TT-582657373115680042-116096,2026-02-18 15:04:35,582657373115680042,3
SP-2602194DSTGNQP,2026-02-19 05:17:44,2602194DSTGNQP,1
SP-2602194BM8K0N8,2026-02-19 04:38:50,2602194BM8K0N8,1
SP-2602195QGX5UHN,2026-02-19 17:44:23,2602195QGX5UHN,1
SP-2602195H5SVMN2,2026-02-19 15:50:47,2602195H5SVMN2,1
SP-2602195GWKKJFB,2026-02-19 15:46:12,2602195GWKKJFB,1
TP-582666268368012634-116092,2026-02-19 05:44:10,582666268368012634,2
SP-2602208NASXYU0,2026-02-20 21:43:10,2602208NASXYU0,1
SP-2602208F8NQSN5,2026-02-20 19:54:35,2602208F8NQSN5,1
SP-2602208CWHHTA9,2026-02-20 19:12:56,2602208CWHHTA9,1
SP-2602208AQ4XAVS,2026-02-20 18:33:12,2602208AQ4XAVS,1
SP-26022083SSXD6P,2026-02-20 16:29:25,26022083SSXD6P,1
SP-2602207QRE0JQQ,2026-02-20 12:53:54,2602207QRE0JQQ,1
SP-2602207Q6JSNU3,2026-02-20 12:43:56,2602207Q6JSNU3,1
SP-2602207GUXRMTY,2026-02-20 10:50:36,2602207GUXRMTY,1
SP-2602207DR31131,2026-02-20 09:55:06,2602207DR31131,1
SP-2602206T71H61V,2026-02-20 04:05:13,2602206T71H61V,1
SP-2602206S42VWQ1,2026-02-20 03:45:39,2602206S42VWQ1,1
SP-2602206D09QJB4,2026-02-20 00:08:47,2602206D09QJB4,1
TP-582685620817463241-116092,2026-02-20 10:32:50,582685620817463241,2
TT-582696320526091386-116096,2026-02-20 23:01:44,582696320526091386,3
TT-582685297385440574-116096,2026-02-20 10:15:09,582685297385440574,3
TT-582684984481121498-116096,2026-02-20 09:58:03,582684984481121498,3
SP-260221AE1AEPCG,2026-02-21 14:38:15,260221AE1AEPCG,1
SP-260221AE6YK0JH,2026-02-21 14:41:04,260221AE6YK0JH,1
SP-260221AD5U49YJ,2026-02-21 14:22:32,260221AD5U49YJ,1
SP-260221AB6GJ0G5,2026-02-21 13:47:12,260221AB6GJ0G5,1
SP-260221A6XB775S,2026-02-21 12:31:08,260221A6XB775S,1
SP-260221A0MVE5JJ,2026-02-21 10:38:39,260221A0MVE5JJ,1
SP-2602219YKVN1GM,2026-02-21 10:19:51,2602219YKVN1GM,1
SP-2602219W0XM6T7,2026-02-21 09:33:28,2602219W0XM6T7,1
SP-260221962J53H7,2026-02-21 02:42:50,260221962J53H7,1
SP-2602219EKPK1GG,2026-02-21 05:15:36,2602219EKPK1GG,1
SP-2602219VAXTKBW,2026-02-21 09:21:16,2602219VAXTKBW,1
SP-2602219BMR4N5T,2026-02-21 04:22:25,2602219BMR4N5T,1
SP-260222BAQNVVSP,2026-02-21 23:11:30,260222BAQNVVSP,1
SP-260222BB4A72MF,2026-02-21 23:18:33,260222BB4A72MF,1
SP-260221B1TM04SP,2026-02-21 20:32:05,260221B1TM04SP,1
SP-260221AMAPE3D0,2026-02-21 16:30:52,260221AMAPE3D0,1
SP-260221B15EVNGG,2026-02-21 20:20:15,260221B15EVNGG,1
TT-582698771940476630-116096,2026-02-21 05:30:57,582698771940476630,3
TT-582705991391282694-116096,2026-02-21 14:36:20,582705991391282694,3
TT-582705618687067507-116096,2026-02-21 14:08:35,582705618687067507,3
TT-582701645703251805-116096,2026-02-21 10:04:55,582701645703251805,3
TT-582701339698890670-116096,2026-02-21 09:50:14,582701339698890670,3
TT-582701395502401029-116096,2026-02-21 09:47:46,582701395502401029,3
TT-582700536527488706-116096,2026-02-21 08:50:11,582700536527488706,3
TP-582705122147140817-116092,2026-02-21 13:36:02,582705122147140817,2
SP-260222BF7BHMQU,2026-02-22 00:31:54,260222BF7BHMQU,1
SP-260222C8Y6WW8U,2026-02-22 08:12:35,260222C8Y6WW8U,1
SP-260222DJ65NAVQ,2026-02-22 20:30:11,260222DJ65NAVQ,1
SP-260222D3A1RK92,2026-02-22 16:03:55,260222D3A1RK92,1
SP-260222DMXCHQRS,2026-02-22 21:19:31,260222DMXCHQRS,1
TT-582714312676902694-116096,2026-02-22 00:55:03,582714312676902694,3
TT-582714345013544742-116096,2026-02-22 00:55:50,582714345013544742,3
TP-582730472343767016-116092,2026-02-22 22:40:00,582730472343767016,2